code_name,dG_C4,dG_C5,C1=CNC=CC1_N_partial charges,C1=CNC=CC1_N_mulliken charges,C1=CNC=CC1_N_cm5 charges,C1=CNC=CC1_N_FUKUI+,C1=CNC=CC1_N_FUKUI-,C1=CNC=CC1_N_FUKUIrad,C1=CNC=CC1_N_s proportion,C1=CNC=CC1_N_p proportion,C1=CNC=CC1_N_d proportion,C1=CNC=CC1_N_Coordination numbers,C1=CNC=CC1_N_Dispersion coefficient C6,C1=CNC=CC1_N_Polarizability alpha,C1=CNC=CC1_N_FOD,C1=CNC=CC1_N_FOD s proportion,C1=CNC=CC1_N_FOD p proportion,HOMO-LUMO gap/eV,Dipole module/D,Total charge,HOMO,LUMO,Fermi-level/eV,MaxAbsEStateIndex,MaxEStateIndex,MinAbsEStateIndex,MinEStateIndex,qed,SPS,MolWt,HeavyAtomMolWt,ExactMolWt,NumValenceElectrons,MaxPartialCharge,MinPartialCharge,MaxAbsPartialCharge,MinAbsPartialCharge,FpDensityMorgan1,FpDensityMorgan2,FpDensityMorgan3,AvgIpc,BalabanJ,BertzCT,Chi0,Chi0n,Chi0v,Chi1,Chi1n,Chi1v,Chi2n,Chi2v,Chi3n,Chi3v,Chi4n,Chi4v,HallKierAlpha,Ipc,Kappa1,Kappa2,Kappa3,LabuteASA,TPSA,FractionCSP3,MolLogP,MolMR
A1a_reduced,-43.54808355,-134.6943374,0.003081212,0.088441984,0.099787571,-0.035915919,-0.016036035,-0.025975977,1.014012012,2.897048046,0,2.859975977,27.95161259,8.666084081,0.011190391,0.0,0.010987988,2.762251604,4.109593676,0.0,-9.240132735,-6.477904772,-7.859067553,11.60421438,11.60421438,0.035115741,-3.072042706,0.562462311,40.2,138.17,128.09,138.0793129,54,0.245913242,-0.365820611,0.365820611,0.245913242,2.3,3.2,3.9,2.234166297,3.605772891,504.2257214,16.04145188,14.80267548,4.802675481,8.830127019,7.242978527,2.348551336,1.489169559,1.489169559,0.792677368,0.792677368,0.415345789,0.415345789,-1.25,9805.755876,1.494888889,2.557605251,1.37283737,73.97093123,46.33,0.285714286,0.2048,38.7974
A1b_reduced,-43.05246348,-131.0621577,-0.029577896,-0.213655637,-0.488779742,-0.047060234,-0.11,-0.079,1.422150585,3.791090351,0,2.741,21.81695088,6.937264913,0.021005409,0.0,0.021090351,2.748524015,4.569306024,0.0,-9.122035659,-6.373476222,-7.747754434,11.83083003,11.83083003,0.090509259,-3.27262141,0.597544471,41.63636364,152.197,140.101,152.094963,60,0.245923637,-0.36582046,0.36582046,0.245923637,2.090909091,3.0,3.636363636,2.214065342,3.828104545,582.8485557,18.54145188,17.30267548,5.302675481,10.04145188,8.492978527,2.598551336,1.739169559,1.739169559,0.911079067,0.911079067,0.533747488,0.533747488,-1.25,28069.92041,1.57798256,2.779752066,1.832447573,83.14581434,46.33,0.375,0.5949,43.4144
A2a_reduced,-49.2154525,-130.6636975,0.00386795,0.08672,0.09739,-0.037,-0.017,-0.027,1.015,2.898,0,2.857,27.932,8.663,0.0115,0.0,0.011,2.68426269,6.186,0.0,-9.5037,-6.8194,-8.1615,8.739248394,8.739248394,0.189699074,-2.903703704,0.480619356,40.11111111,120.155,112.091,120.0687483,46,0.096530969,-0.35656937,0.35656937,0.096530969,2.222222222,3.111111111,3.777777778,2.126454421,3.534811136,451.4746027,13.59385813,12.39442719,4.394427191,7.546764616,6.144427191,2.144427191,1.295820393,1.295820393,0.690615295,0.690615295,0.367008497,0.367008497,-1.23,2755.88493,1.431973462,2.361300002,1.327987601,65.93604385,27.03,0.285714286,1.24308,35.216
A2b_reduced,-48.75267125,-126.8472424,-0.03424975,-0.21482,-0.48924,-0.052,-0.111,-0.082,1.421,3.793,0,2.742,21.905,6.951,0.0236,0.0,0.024,2.67838379,6.332,0.0,-9.3557,-6.6773,-8.0165,8.90463955,8.90463955,0.064074074,-3.104282407,0.503175679,41.7,134.182,124.102,134.0843983,52,0.096541607,-0.356306331,0.356306331,0.096541607,2.0,2.9,3.5,2.097201132,3.745469216,528.9315207,16.09385813,14.89442719,4.894427191,8.758089482,7.394427191,2.394427191,1.545820393,1.545820393,0.809016994,0.809016994,0.485410197,0.485410197,-1.23,7851.921038,1.502841176,2.57066468,1.382160574,75.11092696,27.03,0.375,1.63318,39.833
A5a_reduced,-35.17765,-140.867475,0.00596275,0.08134,0.09329,-0.065,-0.007,-0.036,1.012,2.907,0,2.861,27.884,8.655,0.0242,0.0,0.024,2.6435877,15.014,-1.0,-4.4985,-1.8549,-3.1767,10.79865882,10.79865882,0.001782407,-3.05787037,0.488885817,37.8,138.146,130.082,138.0560521,54,0.082128299,-0.545097139,0.545097139,0.082128299,2.2,3.0,3.6,2.105683114,3.588727736,462.5561595,14.46410162,12.76371018,4.763710176,7.919443416,6.329068684,2.329068684,1.471474473,1.471474473,0.782936041,0.782936041,0.41073223,0.41073223,-1.25,3783.912556,1.87319002,2.557605251,1.37283737,70.49922002,43.37,0.285714286,-0.5306,34.61
A5b_reduced,-34.448495,-137.7553888,-0.10097716,-0.2647,-0.52902,-0.046,-0.087,-0.067,1.441,3.824,0,2.738,23.219,7.157,0.0063,0.0,0.006,2.69395009,15.966,-1.0,-4.4884,-1.7945,-3.1415,11.02527447,11.02527447,0.123842593,-3.258449074,0.524912681,39.45454545,152.173,142.093,152.0717021,60,0.082128668,-0.545096957,0.545096957,0.082128668,2.0,2.818181818,3.363636364,2.070560113,3.801144466,540.2413996,16.96410162,15.26371018,5.263710176,9.130768282,7.579068684,2.579068684,1.721474473,1.721474473,0.901337741,0.901337741,0.52913393,0.52913393,-1.25,10746.20699,1.913755808,2.779752066,1.832447573,79.67410313,43.37,0.375,-0.1405,39.227
A3a_reduced,-46.15727171,-131.6128527,0.001290543,0.084863861,0.095608359,-0.027872491,-0.017127509,-0.022957497,1.014957497,2.900212514,0,2.859872491,27.99346517,8.672382526,0.011342503,0.0,0.011042503,2.457166819,4.842514653,0.0,-9.410676626,-6.953476973,-8.182126799,11.81254771,11.81254771,0.018217593,-3.296423375,0.542739019,43.6,137.182,126.094,137.084064,54,0.157062172,-0.35715893,0.35715893,0.157062172,2.1,3.0,3.7,2.223062892,3.658304298,537.4069328,16.96410162,15.85546189,4.855461886,9.130768282,7.874944538,2.374944538,1.51314114,1.51314114,0.805873969,0.805873969,0.421595789,0.421595789,-1.05,12638.11254,1.421253321,2.689062691,1.467165814,76.28483988,20.31,0.375,1.3085,40.284
A3b_reduced,-45.18602732,-128.2432712,-0.021350911,-0.202963182,-0.478890156,-0.052028388,-0.102,-0.077028388,1.424971612,3.778085165,0,2.741028388,21.66195239,6.912482602,0.02782207,0.0,0.028113553,2.449601371,5.191858111,0.0,-9.287672067,-6.838040796,-8.062832143,12.03916336,12.03916336,0.143842593,-3.421848545,0.568162651,44.72727273,151.209,138.105,151.099714,60,0.157072471,-0.356895894,0.356895894,0.157072471,1.909090909,2.818181818,3.454545455,2.200821908,3.876009381,616.8243021,19.46410162,18.35546189,5.355461886,10.34209315,9.124944538,2.624944538,1.76314114,1.76314114,0.924275668,0.924275668,0.539997488,0.539997488,-1.05,36141.89738,1.51322592,2.906758007,1.93423955,85.459723,20.31,0.444444444,1.6986,44.901
A4a_reduced,-48.16462131,-130.8688678,0.000124493,0.082478139,0.092629886,-0.02694498,-0.018703347,-0.023,1.015648327,2.902406694,0,2.859296653,28.02093534,8.676461714,0.012470335,0.0,0.012351673,2.330769541,5.953295075,0.0,-9.568878956,-7.238085877,-8.4035,11.02088105,11.02088105,0.081782407,-3.002314815,0.483059397,42.22222222,123.155,114.083,123.0684139,48,0.147300131,-0.357169555,0.357169555,0.147300131,2.333333333,3.222222222,3.888888889,2.105683114,3.588727736,460.0268345,14.46410162,13.35546189,4.355461886,7.919443416,6.624944538,2.124944538,1.286079067,1.286079067,0.680873969,0.680873969,0.362394939,0.362394939,-1.05,3783.912556,1.336587308,2.485264261,1.420257084,67.10995677,20.31,0.285714286,0.9184,35.667
A4b_reduced,-48.34120517,-125.567917,-0.017768325,-0.199414919,-0.475191526,-0.056788151,-0.103,-0.080394076,1.425211849,3.774394076,0,2.741,21.59494525,6.901758529,0.031794076,0.0,0.031394076,2.323135967,6.194392457,0.0,-9.432874055,-7.109688601,-8.271281328,11.24749669,11.24749669,0.043842593,-3.202893519,0.507710838,43.6,137.182,126.094,137.084064,54,0.147310432,-0.356906519,0.356906519,0.147310432,2.1,3.0,3.6,2.070560113,3.801144466,537.4069328,16.96410162,15.85546189,4.855461886,9.130768282,7.874944538,2.374944538,1.536079067,1.536079067,0.799275668,0.799275668,0.480796638,0.480796638,-1.05,10746.20699,1.421253321,2.689062691,1.467165814,76.28483988,20.31,0.375,1.3085,40.284
A6a_reduced,-45.2383575,-132.5101163,0.00017113,0.083392296,0.093844395,-0.029689993,-0.018155003,-0.024,1.015,2.902155003,0,2.858689993,28.01948005,8.676310007,0.011662001,0.0,0.012,2.556629081,3.785060201,0.0,-9.367177959,-6.810510138,-8.088878548,11.78692271,11.78692271,0.021057729,-3.237696051,0.523876423,40.36363636,153.181,142.093,153.0789786,60,0.335030276,-0.465604175,0.465604175,0.335030276,2.090909091,3.0,3.727272727,2.206427503,3.508339664,555.4198168,17.6712084,16.26371018,5.263710176,9.603894828,8.033192829,2.533192829,1.573536546,1.573536546,0.875633744,0.875633744,0.461763267,0.461763267,-1.25,18719.33094,1.733742198,3.232891196,1.832447573,81.39838511,29.54,0.375,0.8925,41.619
A6b_reduced,-45.18983083,-128.5231382,-0.02192184,-0.207842085,-0.483128191,-0.051,-0.104826148,-0.078,1.423,3.784347703,0,2.742,21.67264947,6.914216961,0.026578163,0.0,0.026347703,2.546039625,4.067410643,0.0,-9.239848833,-6.693862828,-7.966864523,12.01353836,12.01353836,0.146682729,-3.337008102,0.550891269,41.66666667,167.208,154.104,167.0946287,66,0.335040751,-0.46560405,0.46560405,0.335040751,1.916666667,2.833333333,3.5,2.178120739,3.743823783,635.3557897,20.1712084,18.76371018,5.763710176,10.81521969,9.283192829,2.783192829,1.823536546,1.823536546,0.994035444,0.994035444,0.580164966,0.580164966,-1.25,53372.67059,1.811717452,3.431126113,1.87319002,90.57326823,29.54,0.444444444,1.2826,46.236
B1a_reduced,-42.80717265,-135.0070946,0.005670303,0.090201577,0.101237122,-0.03592298,-0.015806801,-0.025373932,1.014994754,2.895298794,0,2.859193199,27.89019365,8.656223657,0.010840016,0.0,0.011,2.753339625,4.029778914,0.0,-9.212201966,-6.458856111,-7.835525108,12.01345911,12.01345911,0.336342593,-3.982184193,0.709973227,43.84615385,180.251,164.123,180.1262631,72,0.245913459,-0.36582061,0.36582061,0.245913459,2.153846154,3.076923077,3.846153846,2.503814908,3.861622821,762.1523929,23.54145188,22.30267548,6.302675481,12.58012702,10.99297853,3.098551336,1.850972958,1.850972958,1.022882466,1.022882466,0.555100037,0.555100037,-1.25,400052.0345,1.763310608,4.697141626,2.933559813,101.4955806,46.33,0.5,1.3751,52.6484
B1b_reduced,-41.82549869,-132.1550827,-0.038160764,-0.218387507,-0.492230652,-0.044327292,-0.101534356,-0.072788711,1.42692979,3.791403244,0,2.742992374,21.98011766,6.963028321,0.021080052,0.0,0.021088722,2.73941609,4.446255968,0.0,-9.101889025,-6.362468669,-7.732155846,12.24007476,12.24007476,0.461967593,-4.107609363,0.740944785,44.71428571,194.278,176.134,194.1419132,78,0.245923855,-0.365820458,0.365820458,0.245923855,2.0,2.928571429,3.642857143,2.494959376,4.095071955,845.9676745,26.04145188,24.80267548,6.802675481,13.79145188,12.24297853,3.348551336,2.100972958,2.100972958,1.141284165,1.141284165,0.673501737,0.673501737,-1.25,1151832.925,1.861639897,4.839775006,2.9068,110.6704637,46.33,0.545454545,1.7652,57.2654
B2a_reduced,-48.65990573,-131.5169297,0.006215202,0.088096427,0.098540844,-0.037,-0.017054213,-0.026814315,1.015,2.896827712,0,2.856411702,27.87732654,8.654134779,0.011326603,0.0,0.011,2.678914986,6.266089416,0.0,-9.467521278,-6.788593407,-8.128071573,9.034581089,9.034581089,0.181759259,-3.852430556,0.636840216,44.08333333,162.236,148.124,162.1156984,64,0.09653119,-0.353563403,0.353563403,0.09653119,2.083333333,3.0,3.75,2.431969877,3.747929192,706.219588,21.09385813,19.89442719,5.894427191,11.29676462,9.894427191,2.894427191,1.657623792,1.657623792,0.920820393,0.920820393,0.506762746,0.506762746,-1.23,114735.4749,1.675532351,4.607994541,2.427060713,93.46069319,27.03,0.5,2.41338,49.067
B2b_reduced,-48.0339392,-128.1304803,-0.042151554,-0.219284261,-0.492782911,-0.048698688,-0.10282713,-0.076074826,1.42597879,3.793585431,0,2.743,22.05615567,6.975072788,0.023470466,0.0,0.023322522,2.673365402,6.359926442,0.0,-9.332051239,-6.658672853,-7.99537145,9.199972246,9.199972246,0.307384259,-3.977855726,0.660785714,45.0,176.263,160.135,176.1313485,70,0.096541828,-0.353300368,0.353300368,0.096541828,1.923076923,2.846153846,3.538461538,2.420793767,3.955568576,789.1543276,23.59385813,22.39442719,6.394427191,12.50808948,11.14442719,3.144427191,1.907623792,1.907623792,1.039222093,1.039222093,0.625164445,0.625164445,-1.23,330031.6559,1.770337667,4.712418368,2.9454304,102.6355763,27.03,0.545454545,2.80348,53.684
B5a_reduced,-35.06559222,-140.9289558,0.008128271,0.083561905,0.09532666,-0.066,-0.007473366,-0.037,1.011950073,2.904529976,0,2.857006683,27.83249175,8.646990866,0.02493809,0.0,0.025049927,2.587411065,19.56044314,-1.0,-4.499076518,-1.911663283,-3.205369901,11.20790356,11.20790356,0.369675926,-3.967037509,0.637313761,42.0,180.227,166.115,180.1030023,72,0.082141118,-0.545097137,0.545097137,0.082141118,2.076923077,2.923076923,3.615384615,2.419468425,3.805065409,717.8998929,21.96410162,20.26371018,6.263710176,11.66944342,10.07906868,3.079068684,1.833277872,1.833277872,1.01314114,1.01314114,0.550486479,0.550486479,-1.25,158284.0438,2.047860307,4.697141626,2.933559813,98.02386936,43.37,0.5,0.6397,48.461
B5b_reduced,-33.75448034,-137.7867638,-0.102992949,-0.26669685,-0.531577605,-0.042463714,-0.084337255,-0.063463714,1.439627542,3.827035203,0,2.739,23.2596777,7.162956443,0.006498132,0.0,0.006,2.637046101,19.51851135,-1.0,-4.490687516,-1.853608099,-3.172137325,11.4345192,11.4345192,0.495300926,-4.09246268,0.671009421,43.0,194.254,178.126,194.1186523,78,0.082141487,-0.545096955,0.545096955,0.082141487,1.928571429,2.785714286,3.428571429,2.406912908,4.022311576,800.9893716,24.46410162,22.76371018,6.763710176,12.88076828,11.32906868,3.329068684,2.083277872,2.083277872,1.131542839,1.131542839,0.668888178,0.668888178,-1.25,454906.5396,2.129659735,4.839775006,2.9068,107.1987525,43.37,0.545454545,1.0298,53.078
B3a_reduced,-44.88259916,-133.1344808,0.002929307,0.085025919,0.095574566,-0.027093263,-0.017115126,-0.022085298,1.015,2.899642879,0,2.858620421,27.95492717,8.666209577,0.011480551,0.0,0.011302246,2.413207795,5.311191189,0.0,-9.366952075,-6.953741085,-8.160342032,12.22179245,12.22179245,0.389675926,-4.025471821,0.660459627,46.46153846,179.263,162.127,179.1310142,72,0.157062388,-0.354152954,0.354152954,0.157062388,2.0,2.923076923,3.692307692,2.496562125,3.910032655,797.5025033,24.46410162,23.35546189,6.355461886,12.88076828,11.62494454,3.124944538,1.874944538,1.874944538,1.036079067,1.036079067,0.561350037,0.561350037,-1.05,516676.0146,1.709617708,4.850403799,3.052957684,103.8094892,20.31,0.545454545,2.4788,54.135
B3b_reduced,-44.81693054,-128.9028692,-0.029894367,-0.207507144,-0.482152234,-0.04831741,-0.09464831,-0.07164831,1.428747686,3.778901435,0,2.743,21.8228137,6.938233186,0.02808996,0.0,0.028172506,2.43005101,5.189001114,0.0,-9.256464765,-6.826404373,-8.041453311,12.44840809,12.44840809,0.515300926,-4.150896991,0.683927044,47.14285714,193.29,174.138,193.1466642,78,0.157072687,-0.353889922,0.353889922,0.157072687,1.857142857,2.785714286,3.5,2.487159954,4.147366269,881.9198938,26.96410162,25.85546189,6.855461886,14.09209315,12.87494454,3.374944538,2.124944538,2.124944538,1.154480766,1.154480766,0.679751737,0.679751737,-1.05,1487311.704,1.811606432,4.987199467,3.018852208,112.9843723,20.31,0.583333333,2.8689,58.752
B4a_reduced,-48.59091236,-128.8471929,0.00283456,0.084668583,0.094682493,-0.027405932,-0.018290865,-0.022774699,1.01577296,2.899448426,0,2.858462784,27.95704453,8.666460076,0.012279746,0.0,0.012,2.316895409,5.818917101,0.0,-9.532700498,-7.215829578,-8.37426803,11.43012578,11.43012578,0.289675926,-3.926221183,0.594380697,45.66666667,165.236,150.116,165.1153641,66,0.147300347,-0.354163579,0.354163579,0.147300347,2.166666667,3.083333333,3.833333333,2.419468425,3.805065409,714.5995029,21.96410162,20.85546189,5.855461886,11.66944342,10.37494454,2.874944538,1.647882466,1.647882466,0.911079067,0.911079067,0.502149187,0.502149187,-1.05,158284.0438,1.609850535,4.752581953,2.530899543,94.63460611,20.31,0.5,2.0887,49.518
B4b_reduced,-49.55232986,-123.6353216,-0.025422106,-0.203808662,-0.478753671,-0.053459253,-0.094806166,-0.074228439,1.429141285,3.774908891,0,2.743,21.73835802,6.92462188,0.031902382,0.0,0.031650713,2.305654021,6.21455481,0.0,-9.39870935,-7.09305463,-8.245895937,11.65674143,11.65674143,0.415300926,-4.051646353,0.617833801,46.46153846,179.263,162.127,179.1310142,72,0.147310648,-0.353900548,0.353900548,0.147310648,2.0,2.923076923,3.615384615,2.406912908,4.022311576,797.5025033,24.46410162,23.35546189,6.355461886,12.88076828,11.62494454,3.124944538,1.897882466,1.897882466,1.029480766,1.029480766,0.620550887,0.620550887,-1.05,454906.5396,1.709617708,4.850403799,3.052957684,103.8094892,20.31,0.545454545,2.4788,54.135
B6a_reduced,-44.48140509,-133.1842389,0.002608723,0.085270557,0.095478129,-0.029715113,-0.018352408,-0.023945136,1.015453405,2.899270852,0,2.857843522,27.96210684,8.66730764,0.011502318,0.0,0.011142443,2.544396154,3.769173405,0.0,-9.338683422,-6.794315632,-8.066501211,12.19616745,12.19616745,0.392516062,-4.034497827,0.642994053,43.71428571,195.262,178.126,195.1259288,78,0.335030495,-0.465604173,0.465604173,0.335030495,2.0,2.928571429,3.714285714,2.486636103,3.833161739,816.9148659,25.1712084,23.76371018,6.763710176,13.35389483,11.78319283,3.283192829,1.935339944,1.935339944,1.105838843,1.105838843,0.601517515,0.601517515,-1.25,768027.4,1.988895558,5.473859914,2.9068,108.9230345,29.54,0.545454545,2.0628,55.47
B6b_reduced,-44.04990888,-129.9416957,-0.029840942,-0.212348981,-0.486672431,-0.047621601,-0.097302026,-0.072587804,1.427570364,3.78477977,0,2.743259913,21.82163961,6.938050173,0.026578051,0.0,0.02638393,2.534309181,4.076137401,0.0,-9.213273818,-6.678990286,-7.946148868,12.42278309,12.42278309,0.518141062,-4.159922997,0.666001994,44.53333333,209.289,190.137,209.1415788,84,0.33504097,-0.465604049,0.465604049,0.33504097,1.866666667,2.8,3.533333333,2.475736041,4.079046905,901.7133369,27.6712084,26.26371018,7.263710176,14.56521969,13.03319283,3.533192829,2.185339944,2.185339944,1.224240542,1.224240542,0.719919215,0.719919215,-1.25,2209178.493,2.084013169,5.587135489,3.422085934,118.0979176,29.54,0.583333333,2.4529,60.087
D1a_reduced,-43.42723581,-134.4758378,0.005359333,0.08985054,0.101001673,-0.035974565,-0.0132067,-0.024202705,1.015092573,2.895646925,0,2.859899005,27.89747889,8.657564625,0.010840601,0.0,0.011002787,2.75896443,3.958965933,0.0,-9.219353778,-6.46037639,-7.839831975,12.28755051,12.28755051,0.576164848,-4.677826515,0.658575417,46.70588235,236.359,212.167,236.1888634,96,0.245913459,-0.36582061,0.36582061,0.245913459,1.647058824,2.470588235,3.294117647,2.751169844,4.019201795,1127.667753,33.54145188,32.30267548,8.302675481,17.58012702,15.99297853,4.098551336,2.350972958,2.350972958,1.272882466,1.272882466,0.680100037,0.680100037,-1.25,52305155.78,2.168654325,7.932222222,5.568986791,138.195113,46.33,0.642857143,2.9355,71.1164
D1b_reduced,-33.97419582,-131.7221079,-0.036287486,-0.21748097,-0.493091097,-0.045132243,-0.087830942,-0.066283275,1.427156111,3.790120288,0,2.742473387,21.94403517,6.957124212,0.02101387,0.0,0.021072768,2.734102574,4.394939933,0.0,-9.119444273,-6.385294314,-7.752402792,12.51416616,12.51416616,0.701789848,-4.774408896,0.671630815,47.22222222,250.386,224.178,250.2045135,102,0.245923855,-0.365820458,0.365820458,0.245923855,1.555555556,2.388888889,3.166666667,2.746488092,4.194842139,1216.643354,36.04145188,34.80267548,8.802675481,18.79145188,17.24297853,4.348551336,2.600972958,2.600972958,1.391284165,1.391284165,0.798501737,0.798501737,-1.25,150874717.2,2.273545706,7.958448251,5.388087188,147.3699961,46.33,0.666666667,3.3256,75.7334
D2a_reduced,-48.64712527,-131.3903008,0.006547939,0.0885432,0.098785163,-0.037,-0.01366875,-0.025275103,1.01515331,2.89648755,0,2.856435758,27.8693997,8.652636685,0.011397836,0.0,0.011,2.673482842,6.285992625,0.0,-9.45596826,-6.782503453,-8.119232714,9.229988164,9.229988164,0.421581515,-4.59424241,0.604398323,47.0625,218.344,196.168,218.1782987,88,0.09653119,-0.353563223,0.353563223,0.09653119,1.5625,2.375,3.1875,2.701168291,3.930651589,1068.58769,31.09385813,29.89442719,7.894427191,16.29676462,14.89442719,3.894427191,2.157623792,2.157623792,1.170820393,1.170820393,0.631762746,0.631762746,-1.23,15163659.19,2.071386379,7.984534644,5.021289692,130.1602257,27.03,0.642857143,3.97378,67.535
D2b_reduced,-47.83309612,-128.1207745,-0.043946118,-0.219200099,-0.491937123,-0.04813029,-0.086397517,-0.067410618,1.426852439,3.792612791,0,2.743,22.09079807,6.98042558,0.023296076,0.0,0.023,2.676055767,6.435284939,0.0,-9.329519164,-6.653481477,-7.991508133,9.395379321,9.395379321,0.547206515,-4.674537549,0.60958323,47.58823529,232.371,208.179,232.1939488,94,0.096541828,-0.353300188,0.353300188,0.096541828,1.470588235,2.294117647,3.058823529,2.695847527,4.075150063,1156.906473,33.59385813,32.39442719,8.394427191,17.50808948,16.14442719,4.144427191,2.407623792,2.407623792,1.289222093,1.289222093,0.750164445,0.750164445,-1.23,43732658.63,2.175111387,7.94913423,5.583278568,139.3351088,27.03,0.666666667,4.36388,72.152
D5a_reduced,-35.19656184,-141.4348934,0.007887316,0.083295367,0.095015409,-0.066029121,-0.007549361,-0.037,1.012,2.904872157,0,2.857235695,27.83788313,8.648153296,0.024926169,0.0,0.024961408,2.586516522,27.76050621,-1.0,-4.50622977,-1.919701692,-3.212966387,11.48199496,11.48199496,0.609498181,-4.66455491,0.606763051,45.29411765,236.335,214.159,236.1656025,96,0.082141118,-0.545097137,0.545097137,0.082141118,1.588235294,2.352941176,3.117647059,2.692955433,3.970216631,1080.806906,31.96410162,30.26371018,8.263710176,16.66944342,15.07906868,4.079068684,2.333277872,2.333277872,1.26314114,1.26314114,0.675486479,0.675486479,-1.25,20963276.56,2.404532696,7.932222222,5.568986791,134.7234018,43.37,0.642857143,2.2001,66.929
D5b_reduced,-34.23718449,-138.3884581,-0.100738352,-0.26679798,-0.532897306,-0.04286627,-0.08486627,-0.06386627,1.436860952,3.830065138,0,2.739,23.21388164,7.155577549,0.006661801,0.0,0.006,2.609437324,21.15355542,-1.0,-4.504891925,-1.895474119,-3.200155539,11.7086106,11.7086106,0.735123181,-4.759941303,0.621861406,45.88888889,250.362,226.17,250.1812526,102,0.082141487,-0.545096955,0.545096955,0.082141487,1.5,2.277777778,3.0,2.68727342,4.126155399,1169.233947,34.46410162,32.76371018,8.763710176,17.88076828,16.32906868,4.329068684,2.583277872,2.583277872,1.381542839,1.381542839,0.793888178,0.793888178,-1.25,60434701.95,2.502192405,7.958448251,5.388087188,143.8982849,43.37,0.666666667,2.5902,71.546
D3a_reduced,-45.91144079,-132.1570431,0.003928298,0.086847841,0.097406619,-0.02799483,-0.014306719,-0.021301549,1.015302114,2.897404988,0,2.859689304,27.93118172,8.662493084,0.011201382,0.0,0.011001723,2.445927856,4.770263631,0.0,-9.373971862,-6.928020407,-8.151021134,12.49588384,12.49588384,0.629498181,-4.709735804,0.591749241,48.70588235,235.371,210.171,235.1936144,96,0.157062388,-0.354152774,0.354152774,0.157062388,1.529411765,2.352941176,3.176470588,2.74618559,4.054741179,1165.176643,34.46410162,33.35546189,8.355461886,17.88076828,16.62494454,4.124944538,2.374944538,2.374944538,1.286079067,1.286079067,0.686350037,0.686350037,-1.05,67626769.94,2.125862938,8.101607132,5.712321928,140.5090217,20.31,0.666666667,4.0392,72.603
D3b_reduced,-44.58583014,-129.4574604,-0.028177135,-0.207356695,-0.482962731,-0.04870519,-0.082162657,-0.065379606,1.428315593,3.778900238,0,2.743,21.79022362,6.933229512,0.027781078,0.0,0.027738016,2.434183726,5.171490815,0.0,-9.25131819,-6.817160041,-8.034263078,12.72249949,12.72249949,0.755123181,-4.808986442,0.593089389,49.11111111,249.398,222.182,249.2092645,102,0.157072687,-0.353889743,0.353889743,0.157072687,1.444444444,2.277777778,3.055555556,2.741357105,4.238002927,1254.605193,36.96410162,35.85546189,8.855461886,19.09209315,17.87494454,4.374944538,2.624944538,2.624944538,1.404480766,1.404480766,0.804751737,0.804751737,-1.05,195063778.6,2.232406706,8.122225039,5.523625529,149.6839048,20.31,0.6875,4.4293,77.22
D4a_reduced,-50.02826866,-127.1578868,0.002182284,0.083061841,0.092942089,-0.026759666,-0.0153765,-0.021,1.015411541,2.90154313,0,2.857855112,27.97212099,8.668892809,0.01233765,0.0,0.012,2.313573577,6.388405088,0.0,-9.526483054,-7.212940638,-8.369732111,11.70421718,11.70421718,0.529498181,-4.639863552,0.460403735,48.25,221.344,198.16,221.1779644,90,0.147300347,-0.3541634,0.3541634,0.147300347,1.625,2.4375,3.25,2.692955433,3.970216631,1076.872477,31.96410162,30.85546189,7.855461886,16.66944342,15.37494454,3.874944538,2.147882466,2.147882466,1.161079067,1.161079067,0.627149187,0.627149187,-1.05,20963276.56,2.020068272,8.142810713,5.149761906,131.3341386,20.31,0.642857143,3.6491,67.986
D4b_reduced,-50.35464358,-123.0531269,-0.024827717,-0.203732699,-0.479278192,-0.054345897,-0.080778424,-0.067524869,1.428706273,3.775247094,0,2.743,21.72689101,6.92300389,0.031723439,0.0,0.031536245,2.307307531,6.390262444,0.0,-9.393040481,-7.085736418,-8.239390563,11.93083282,11.93083282,0.655123181,-4.728691303,0.467261362,48.70588235,235.371,210.171,235.1936144,96,0.147310648,-0.353900368,0.353900368,0.147310648,1.529411765,2.352941176,3.117647059,2.68727342,4.126155399,1165.176643,34.46410162,33.35546189,8.355461886,17.88076828,16.62494454,4.124944538,2.397882466,2.397882466,1.279480766,1.279480766,0.745550887,0.745550887,-1.05,60434701.95,2.125862938,8.101607132,5.712321928,140.5090217,20.31,0.666666667,4.0392,72.603
D6a_reduced,-44.69486338,-133.0679294,0.002978646,0.085453118,0.095563966,-0.03010767,-0.015056278,-0.022524411,1.015529934,2.899064373,0,2.858268665,27.95354899,8.6661173,0.01149089,0.0,0.011416741,2.55237982,3.566378206,0.0,-9.333063063,-6.780700041,-8.056875529,12.47025884,12.47025884,0.632338317,-4.718503165,0.487194333,46.44444444,251.37,226.17,251.188529,102,0.335030495,-0.465604173,0.465604173,0.335030495,1.555555556,2.388888889,3.222222222,2.739706438,4.018394352,1185.945471,35.1712084,33.76371018,8.763710176,18.35389483,16.78319283,4.283192829,2.435339944,2.435339944,1.355838843,1.355838843,0.726517515,0.726517515,-1.25,100688839.0,2.383762415,8.784770069,5.388087188,145.6225669,29.54,0.666666667,3.6232,73.938
D6b_reduced,-44.10282659,-129.8707039,-0.029254889,-0.212639347,-0.487710496,-0.048163451,-0.085336344,-0.066704308,1.427426805,3.78553916,0,2.743258289,21.81066413,6.936180513,0.026713829,0.0,0.026420019,2.521259661,4.251760511,0.0,-9.201404173,-6.68013247,-7.940775374,12.69687449,12.69687449,0.757963317,-4.817753803,0.490289729,46.94736842,265.397,238.181,265.2041791,108,0.33504097,-0.465604049,0.465604049,0.33504097,1.473684211,2.315789474,3.105263158,2.734470093,4.209901423,1275.655692,37.6712084,36.26371018,9.263710176,19.56521969,18.03319283,4.533192829,2.685339944,2.685339944,1.474240542,1.474240542,0.844919215,0.844919215,-1.25,290343677.4,2.486805967,8.783293698,5.94906132,154.79745,29.54,0.6875,4.0133,78.555
C1a_reduced,-43.60052612,-134.1968375,0.004570864,0.089854433,0.100948363,-0.035600447,-0.014753814,-0.024993695,1.014833615,2.895354174,0,2.859029456,27.91622268,8.660101573,0.010816401,0.0,0.011000416,2.75795174,3.859282672,0.0,-9.250724186,-6.492769783,-7.871763997,12.04498804,12.04498804,0.355900416,-4.038434193,0.623320969,41.57142857,196.25,180.122,196.1211778,78,0.245913459,-0.396375373,0.396375373,0.245913459,2.0,2.928571429,3.714285714,2.583427603,3.862523644,786.8952526,24.24855867,22.71092377,6.710923772,13.14078719,11.10535096,3.302675481,1.95303503,1.95303503,1.073913502,1.073913502,0.580615555,0.580615555,-1.29,729609.0402,2.114428265,5.442312389,3.219517635,106.3764846,66.56,0.5,0.3475,54.0602
C1b_reduced,-42.98745148,-130.1276251,-0.039485177,-0.219518773,-0.492524244,-0.044061154,-0.094419979,-0.06923517,1.4271688,3.791861389,0,2.743,22.00540851,6.967003273,0.020831807,0.0,0.020313937,2.750535473,3.62955775,0.0,-9.173972791,-6.423419436,-7.798688721,12.27160368,12.27160368,0.481525416,-4.163859363,0.657564208,42.53333333,210.277,192.133,210.1368278,84,0.245923855,-0.396375373,0.396375373,0.245923855,2.0,2.933333333,3.666666667,2.57706487,4.093232388,871.1069241,26.74855867,25.21092377,7.210923772,14.35211206,12.35535096,3.552675481,2.20303503,2.20303503,1.192315202,1.192315202,0.699017255,0.699017255,-1.29,2102959.669,2.202602216,5.556767403,3.752763912,115.5513677,66.56,0.545454545,0.7376,58.6772
C2a_reduced,-50.4762049,-129.2166825,0.005273101,0.087570114,0.098002457,-0.037027425,-0.015324464,-0.026,1.01524437,2.897093081,0,2.856718856,27.89921798,8.657637393,0.011226907,0.0,0.011,2.688484494,6.386611236,0.0,-9.499597991,-6.811122321,-8.155342689,9.057845552,9.057845552,0.201317082,-3.908680556,0.661540583,41.61538462,178.235,164.123,178.1106131,70,0.210036547,-0.396375373,0.396375373,0.210036547,1.923076923,2.846153846,3.615384615,2.519754336,3.747224354,732.6702802,21.80096491,20.30267548,6.302675481,11.85742479,10.00679963,3.098551336,1.759685865,1.759685865,0.97185143,0.97185143,0.532278264,0.532278264,-1.27,210124.8338,2.0399423,5.388703993,3.304994675,98.3415972,47.26,0.5,1.38578,50.4788
C2b_reduced,-48.24124926,-126.756695,-0.04294646,-0.220091095,-0.49298128,-0.048286612,-0.095062244,-0.071704571,1.425836554,3.794085479,0,2.743,22.07121398,6.977560605,0.023088722,0.0,0.023,2.685589803,6.684932204,0.0,-9.381392472,-6.695786612,-8.038602952,9.223236709,9.223236709,0.326942082,-4.034105726,0.690496196,42.64285714,192.262,176.134,192.1262631,76,0.210036547,-0.396375373,0.396375373,0.210036547,1.928571429,2.857142857,3.571428571,2.512224927,3.951570771,816.0283665,24.30096491,22.80267548,6.802675481,13.06874965,11.25679963,3.348551336,2.009685865,2.009685865,1.090253129,1.090253129,0.650679963,0.650679963,-1.27,605390.9384,2.122038094,5.458081431,3.23152806,107.5164803,47.26,0.545454545,1.77588,55.0958
C5a_reduced,-35.53469657,-139.4694081,0.009535906,0.087568864,0.098868918,-0.062000777,-0.007999816,-0.035000368,1.013999717,2.898001513,0,2.859000086,27.80001082,8.642001732,0.018901101,0.0,0.019001104,2.959900352,14.23588782,-1.0,-5.112708916,-2.15287664,-3.63284277,11.23943248,11.23943248,0.389233749,-4.023287509,0.608284662,39.85714286,196.226,182.114,196.0979169,78,0.210036547,-0.545097137,0.545097137,0.210036547,1.928571429,2.785714286,3.5,2.50913102,3.80374804,741.6491429,22.6712084,20.67195847,6.671958467,12.23010359,10.19144112,3.283192829,1.935339944,1.935339944,1.064172176,1.064172176,0.576001997,0.576001997,-1.29,290148.3837,2.442933048,5.442312389,3.219517635,102.9047734,63.6,0.5,-0.3879,49.8728
C5b_reduced,-34.14207788,-136.1003039,-0.106279458,-0.271289979,-0.536699978,-0.042999998,-0.08799997,-0.065999979,1.444999956,3.826000022,0,2.73700001,23.32699955,7.172999933,0.007399993,0.000999993,0.006999993,2.914384839,15.57502088,-1.0,-5.087196346,-2.172898586,-3.630097466,11.46604813,11.46604813,0.514858749,-4.14871268,0.64879385,40.93333333,210.253,194.125,210.113567,84,0.210036547,-0.545096955,0.545096955,0.210036547,1.933333333,2.8,3.466666667,2.500874584,4.017955271,825.1566217,25.1712084,23.17195847,7.171958467,13.44142845,11.44144112,3.533192829,2.185339944,2.185339944,1.182573875,1.182573875,0.694403696,0.694403696,-1.29,835474.6748,2.509130516,5.556767403,3.752763912,112.0796565,63.6,0.545454545,0.0022,54.4898
C3a_reduced,-47.37281925,-130.4932975,0.00324687,0.086245863,0.096758294,-0.028011856,-0.015361877,-0.021999174,1.015111081,2.898275275,0,2.859229836,27.94733291,8.665272293,0.011110194,0.0,0.011003727,2.457761651,5.125185735,0.0,-9.439287619,-6.981533352,-8.210402081,12.25332137,12.25332137,0.409233749,-4.081721821,0.674934359,44.0,195.262,178.126,195.1259288,78,0.210036547,-0.396375373,0.396375373,0.210036547,2.0,2.928571429,3.714285714,2.577113223,3.91058651,822.4246409,25.1712084,23.76371018,6.763710176,13.44142845,11.73731697,3.329068684,1.977006611,1.977006611,1.087110103,1.087110103,0.586865555,0.586865555,-1.09,942733.7882,2.046995741,5.600423939,3.34026473,108.6903932,40.54,0.545454545,1.4512,55.5468
C3b_reduced,-45.2840953,-127.9363957,-0.029238219,-0.206785497,-0.481326429,-0.048856003,-0.090858811,-0.069787543,1.428960087,3.777396838,0,2.743,21.81038319,6.935859625,0.028245148,0.0,0.027954509,2.427918776,4.647986269,0.0,-9.214902244,-6.786976415,-8.000945885,12.47993702,12.47993702,0.534858749,-4.207146991,0.702322484,44.8,209.289,190.137,209.1415788,84,0.210036547,-0.396375373,0.396375373,0.210036547,1.866666667,2.8,3.533333333,2.570459232,4.145650419,907.2231119,27.6712084,26.26371018,7.263710176,14.65275332,12.98731697,3.579068684,2.227006611,2.227006611,1.205511803,1.205511803,0.705267255,0.705267255,-1.09,2716993.402,2.140542475,5.708980946,3.876441402,117.8652764,40.54,0.583333333,1.8413,60.1638
C4a_reduced,-51.1317117,-125.7873665,0.002003746,0.083699837,0.093794526,-0.027073922,-0.016717243,-0.021768244,1.015718883,2.900777618,0,2.85844056,27.97630435,8.669453541,0.012260132,0.0,0.012006727,2.324249237,6.539564385,0.0,-9.573117399,-7.24886062,-8.410995441,11.46165471,11.46165471,0.309233749,-3.982471183,0.509033918,43.07692308,181.235,166.115,181.1102787,72,0.210036547,-0.396375373,0.396375373,0.210036547,2.0,2.923076923,3.692307692,2.50913102,3.80374804,739.1036404,22.6712084,21.26371018,6.263710176,12.23010359,10.48731697,3.079068684,1.749944538,1.749944538,0.962110103,0.962110103,0.527664706,0.527664706,-1.09,290148.3837,1.957644674,5.537551772,3.421683215,99.51551012,40.54,0.5,1.0611,50.9298
C4b_reduced,-50.24967747,-121.9618407,-0.025790671,-0.204507085,-0.478700093,-0.052408297,-0.087459636,-0.070164906,1.428976175,3.775338231,0,2.743,21.74537018,6.925818359,0.031272191,0.0,0.031007426,2.317989218,6.000402651,0.0,-9.43841336,-7.120449372,-8.279443421,11.68827035,11.68827035,0.434858749,-4.107896353,0.532946604,44.0,195.262,178.126,195.1259288,78,0.210036547,-0.396375373,0.396375373,0.210036547,2.0,2.928571429,3.642857143,2.500874584,4.017955271,822.4246409,25.1712084,23.76371018,6.763710176,13.44142845,11.73731697,3.329068684,1.999944538,1.999944538,1.080511803,1.080511803,0.646066405,0.646066405,-1.09,835474.6748,2.046995741,5.600423939,3.34026473,108.6903932,40.54,0.545454545,1.4512,55.5468
C6a_reduced,-45.19651692,-132.3395143,0.001903129,0.084591167,0.094799647,-0.029660779,-0.017086392,-0.023,1.015096666,2.899990914,0,2.857962638,27.97874472,8.66981302,0.011558196,0.0,0.01121177,2.546420806,4.180225374,0.0,-9.383943476,-6.837503676,-8.11075852,12.22769637,12.22769637,0.412073885,-4.090747827,0.544931137,41.6,211.261,194.125,211.1208434,84,0.335030495,-0.465604173,0.465604173,0.335030495,2.0,2.933333333,3.733333333,2.56879824,3.840284835,841.1710964,25.87831518,24.17195847,7.171958467,13.914555,11.89556526,3.487316974,2.037402017,2.037402017,1.156869879,1.156869879,0.627033033,0.627033033,-1.29,1402407.142,2.348382974,6.24175102,3.752763912,113.8039385,49.77,0.545454545,1.0352,56.8818
C6b_reduced,-44.68891098,-128.7355153,-0.028305296,-0.2133062,-0.488449653,-0.048160806,-0.092654251,-0.070734068,1.427118818,3.786060722,0,2.74313037,21.79281169,6.933103087,0.026635956,0.0,0.026564229,2.530840807,4.472964712,0.0,-9.249607515,-6.71874073,-7.984195703,12.45431202,12.45431202,0.537698885,-4.216172997,0.567718043,42.5,225.288,206.136,225.1364935,90,0.33504097,-0.465604049,0.465604049,0.33504097,1.875,2.8125,3.5625,2.561335512,4.08353563,926.3430989,28.37831518,26.67195847,7.671958467,15.12587987,13.14556526,3.737316974,2.287402017,2.287402017,1.275271578,1.275271578,0.745434733,0.745434733,-1.29,4039917.663,2.433156689,6.326754474,3.697768289,122.9788216,49.77,0.583333333,1.4253,61.4988
E1a_reduced,-47.90199184,-129.4105786,0.005760407,0.089547151,0.100717908,-0.006860884,-0.013119353,-0.01,1.015980237,2.894238706,0,2.8598211,27.88798305,8.656417606,0.009739784,0.0,0.010039784,2.716792783,4.034323951,0.0,-9.435660265,-6.718833346,-8.077294816,12.05227141,12.05227141,0.361689815,-2.990640944,0.790534512,31.33333333,200.241,188.145,200.094963,76,0.245927389,-0.365820416,0.365820416,0.245927389,1.533333333,2.333333333,3.066666667,2.587091824,2.927334666,877.1276282,21.0055535,19.30267548,7.302675481,12.26153656,9.742978527,3.848551336,2.462776357,2.462776357,1.503087564,1.503087564,0.882354286,0.882354286,-2.03,420350.6795,2.755398246,4.002881594,2.07084884,105.4730243,46.33,0.083333333,1.7796,59.9554
E1b_reduced,-47.31115811,-126.1294028,-0.021599182,-0.197203885,-0.453619164,-0.020027328,-0.083,-0.052,1.425,3.772161474,0,2.749,21.66643331,6.913022671,0.023126147,0.0,0.023215299,2.678862293,4.518622511,0.0,-9.323801049,-6.644958466,-7.984425741,12.27888705,12.27888705,0.236064815,-3.339998465,0.819674338,32.875,214.268,200.156,214.1106131,82,0.245937785,-0.365820265,0.365820265,0.245937785,1.5625,2.375,3.0625,2.583781648,3.060875908,963.5260914,23.5055535,21.80267548,7.802675481,13.47286143,10.99297853,4.098551336,2.712776357,2.712776357,1.621489264,1.621489264,1.000755985,1.000755985,-2.03,1214403.212,2.800137565,4.226018715,2.13581438,114.6479074,46.33,0.153846154,2.1697,64.5724
E2a_reduced,-53.6518775,-125.8520276,0.00637813,0.08791,0.09858,-0.007,-0.013,-0.01,1.016,2.896,0,2.857,27.873,8.653,0.0104,0.0,0.01,2.62290821,5.391,0.0,-9.6805,-7.0576,-8.3691,9.098176545,9.098176545,0.516273148,-2.673858536,0.667341603,30.64285714,182.226,172.146,182.0843983,68,0.096545427,-0.323183419,0.323183419,0.096545427,1.428571429,2.214285714,2.928571429,2.523947677,2.907655734,819.3701573,18.55795974,16.89442719,6.894427191,10.97817416,8.644427191,3.644427191,2.269427191,2.269427191,1.401025492,1.401025492,0.834016994,0.834016994,-2.01,121073.7701,2.739912069,3.799635277,1.66968449,97.43813694,27.03,0.083333333,2.81788,56.374
E2b_reduced,-52.588265,-122.7560995,-0.02563037,-0.19758,-0.45349,-0.023,-0.084,-0.053,1.425,3.773,0,2.75,21.742,6.925,0.0256,0.0,0.026,2.59612464,5.505,0.0,-9.5523,-6.9562,-8.2542,9.263567702,9.263567702,0.390648148,-3.171659462,0.689213559,32.33333333,196.253,184.157,196.1000484,74,0.096556065,-0.322919907,0.322919907,0.096556065,1.466666667,2.266666667,2.933333333,2.520197226,3.010525067,905.0792268,21.05795974,19.39442719,7.394427191,12.18949903,9.894427191,3.894427191,2.519427191,2.519427191,1.519427191,1.519427191,0.952418694,0.952418694,-2.01,349752.9711,2.764616898,4.015731234,2.079168389,106.6130201,27.03,0.153846154,3.20798,60.991
E5a_reduced,-40.66451,-134.11683,0.00452912,0.07894,0.09068,-0.018,-0.005,-0.012,1.012,2.909,0,2.861,27.917,8.661,0.0126,0.0,0.012,1.55398183,17.044,-1.0,-4.9319,-3.3779,-4.1549,11.24671585,11.24671585,0.328356481,-3.003140944,0.716127232,29.73333333,200.217,190.137,200.0717021,76,0.0825651,-0.545096905,0.545096905,0.0825651,1.466666667,2.2,2.866666667,2.51416867,2.929973362,830.937237,19.42820323,17.26371018,7.263710176,11.35085296,8.829068684,3.829068684,2.445081271,2.445081271,1.493346238,1.493346238,0.877740727,0.877740727,-2.03,167292.7833,3.234388684,4.002881594,2.07084884,102.0013131,43.37,0.083333333,1.0442,55.768
E5b_reduced,-39.611565,-131.4662701,-0.04414039,-0.20952,-0.46162,-0.02,-0.055,-0.038,1.429,3.781,0,2.748,22.094,6.981,0.0145,0.0,0.014,1.6074876,16.949,-1.0,-4.9332,-3.3257,-4.1294,11.4733315,11.4733315,0.202731481,-3.325826129,0.74768702,31.375,214.244,202.148,214.0873522,82,0.08256547,-0.545096723,0.545096723,0.08256547,1.5,2.25,2.875,2.509944258,3.043852928,916.8129771,21.92820323,19.76371018,7.763710176,12.56217783,10.07906868,4.079068684,2.695081271,2.695081271,1.611747937,1.611747937,0.996142427,0.996142427,-2.03,483038.7725,3.230832667,4.226018715,2.13581438,111.1761962,43.37,0.153846154,1.4343,60.385
E3a_reduced,-49.92672579,-127.542198,0.004141127,0.086337617,0.097029891,-0.004857637,-0.014142363,-0.009071181,1.016,2.897355907,0,2.859715274,27.92627088,8.661640633,0.010499654,0.0,0.010142363,2.389852869,4.29254078,0.0,-9.575698072,-7.185804943,-8.380747949,12.26060474,12.26060474,0.308356481,-3.360857374,0.729549923,33.6,199.253,186.149,199.099714,76,0.157076189,-0.323774036,0.323774036,0.157076189,1.533333333,2.333333333,3.066666667,2.580937048,2.946604124,913.7268107,21.92820323,20.35546189,7.355461886,12.56217783,10.37494454,3.874944538,2.486747937,2.486747937,1.516284165,1.516284165,0.888604286,0.888604286,-1.83,543158.2018,2.642333644,4.131927558,2.154662153,107.786933,20.31,0.153846154,2.8833,61.442
E3b_reduced,-48.53555625,-124.9311724,-0.016178924,-0.189301006,-0.446344408,-0.024,-0.079,-0.051091718,1.426908282,3.762091718,0,2.749091718,21.56469542,6.897100617,0.028366872,0.0,0.028366872,2.359908131,4.70016635,0.0,-9.458731004,-7.098848125,-8.278834979,12.48722039,12.48722039,0.182731481,-3.486282544,0.751069116,35.0,213.28,198.16,213.1153641,82,0.15708649,-0.323510527,0.323510527,0.15708649,1.4375,2.25,2.9375,2.577468122,3.08499967,1000.613495,24.42820323,22.85546189,7.855461886,13.77350269,11.62494454,4.124944538,2.736747937,2.736747937,1.634685865,1.634685865,1.007005985,1.007005985,-1.83,1569136.818,2.700167961,4.35236406,2.217121427,116.9618161,20.31,0.214285714,3.2734,66.059
E4a_reduced,-52.59267076,-124.3435044,0.003000099,0.083993353,0.094150062,-0.004581306,-0.014837389,-0.01,1.016581306,2.899093472,0,2.859162611,27.95277211,8.665930861,0.011751217,0.0,0.012,2.256090824,5.269991513,0.0,-9.720554036,-7.464429973,-8.59247107,11.46893807,11.46893807,0.408356481,-2.878140944,0.659616979,32.0,185.226,174.138,185.084064,70,0.14731415,-0.32378468,0.32378468,0.14731415,1.5,2.285714286,3.0,2.51416867,2.929973362,828.1027701,19.42820323,17.85546189,6.855461886,11.35085296,9.124944538,3.624944538,2.259685865,2.259685865,1.391284165,1.391284165,0.829403436,0.829403436,-1.83,167292.7833,2.599223493,3.918812536,1.739915825,98.61204986,20.31,0.083333333,2.4932,56.825
E4b_reduced,-52.37335737,-120.1858483,-0.013237462,-0.186197427,-0.443130051,-0.027463694,-0.079,-0.053,1.427536306,3.759,0,2.749,21.50966496,6.887854776,0.031563694,0.0,0.031463694,2.231124693,5.459645736,0.0,-9.593407261,-7.362282287,-8.477871589,11.69555372,11.69555372,0.282731481,-3.270270574,0.682465034,33.6,199.253,186.149,199.099714,76,0.147324451,-0.323521172,0.323521172,0.147324451,1.533333333,2.333333333,3.0,2.509944258,3.043852928,913.7268107,21.92820323,20.35546189,7.355461886,12.56217783,10.37494454,3.874944538,2.509685865,2.509685865,1.509685865,1.509685865,0.947805135,0.947805135,-1.83,483038.7725,2.642333644,4.131927558,2.154662153,107.786933,20.31,0.153846154,2.8833,61.442
E6a_reduced,-49.98414002,-127.8462225,0.003060882,0.084858885,0.095257263,-0.004813989,-0.015,-0.01,1.016,2.899186011,0,2.858627978,27.9513482,8.665558033,0.010793005,0.0,0.011,2.49489685,3.041473702,0.0,-9.539934973,-7.045074953,-8.292545662,12.23497974,12.23497974,0.305516345,-3.296478096,0.70963795,32.0,215.252,202.148,215.0946287,82,0.335044529,-0.465604014,0.465604014,0.335044529,1.5625,2.375,3.125,2.573404303,2.858248649,933.4306178,22.63531001,20.76371018,7.763710176,13.03530437,10.53319283,4.033192829,2.547143343,2.547143343,1.586043941,1.586043941,0.928771764,0.928771764,-2.03,808383.4936,3.003941187,4.659852255,2.13581438,112.9004782,29.54,0.153846154,2.4673,62.777
E6b_reduced,-49.0166919,-124.5832449,-0.015902707,-0.192890572,-0.449345197,-0.023,-0.08,-0.051,1.426,3.767208087,0,2.75,21.55965878,6.896040434,0.027532939,0.0,0.027416173,2.461964883,3.362569995,0.0,-9.420060158,-6.958080076,-8.189120117,12.46159539,12.46159539,0.179891345,-3.404385157,0.730214081,33.41176471,229.279,214.159,229.1102787,88,0.335055005,-0.465603889,0.465603889,0.335055005,1.470588235,2.294117647,3.0,2.569412432,3.008209658,1020.677539,25.13531001,23.26371018,8.263710176,14.24662924,11.78319283,4.283192829,2.797143343,2.797143343,1.70444564,1.70444564,1.047173463,1.047173463,-2.03,2334516.748,3.046016152,4.868736204,2.558584557,122.0753613,29.54,0.214285714,2.8574,67.394
J1a_reduced,-47.03300741,-130.6885288,0.005091784,0.089327738,0.100636694,-0.009910919,-0.010678371,-0.01,1.015982287,2.895152498,0,2.859892172,27.90372746,8.658304737,0.009826136,0.0,0.010026957,2.690393825,3.883242468,0.0,-9.354766218,-6.664411746,-8.009636749,12.08380033,12.08380033,0.342131992,-3.009622425,0.786551292,29.875,216.24,204.144,216.0898776,82,0.293092097,-0.507964311,0.507964311,0.293092097,1.625,2.4375,3.125,2.610761381,2.926578688,896.6656099,21.71266028,19.71092377,7.710923772,12.79954137,9.855350963,4.052675481,2.666900502,2.666900502,1.605149637,1.605149637,0.933385322,0.933385322,-2.23,700493.3861,3.133422751,4.100821161,2.05579134,110.3539283,66.56,0.083333333,1.4852,61.6202
J1b_reduced,-46.61707953,-126.9890578,-0.020196915,-0.197785571,-0.454192209,-0.020608269,-0.078025532,-0.049038485,1.424,3.773115454,0,2.749,21.63987192,6.909161424,0.023927551,0.0,0.024153939,2.66289387,4.346145023,0.0,-9.247529224,-6.584623352,-7.916027579,12.31041598,12.31041598,0.216506992,-3.358979946,0.814702282,31.41176471,230.267,216.155,230.1055277,88,0.293092097,-0.507964311,0.507964311,0.293092097,1.647058824,2.470588235,3.117647059,2.607154349,3.060899773,983.4376895,24.21266028,22.21092377,8.210923772,14.01086623,11.10535096,4.302675481,2.916900502,2.916900502,1.723551336,1.723551336,1.051787022,1.051787022,-2.23,2023503.741,3.160026368,4.331014857,2.473632091,119.5288114,66.56,0.153846154,1.8753,66.2372
J2a_reduced,-52.42495812,-126.9296021,0.005732662,0.087669076,0.098482223,-0.01,-0.011,-0.011,1.016,2.896462949,0,2.857,27.88861115,8.656,0.0105,0.0,0.01,2.598612719,5.689587306,0.0,-9.593766692,-6.995144538,-8.294455615,9.121441008,9.121441008,0.496715325,-2.692840018,0.753786098,29.13333333,198.225,188.145,198.0793129,74,0.293092097,-0.507964311,0.507964311,0.293092097,1.533333333,2.333333333,3.0,2.549680395,2.900976369,840.6224646,19.26506652,17.30267548,7.302675481,11.51617896,8.756799627,3.848551336,2.473551336,2.473551336,1.503087564,1.503087564,0.885048031,0.885048031,-2.21,201972.9325,3.14129896,3.887793007,1.996596496,102.319041,47.26,0.083333333,2.52348,58.0388
J2b_reduced,-51.73078625,-123.9805984,-0.024352524,-0.198286001,-0.45415143,-0.023,-0.078,-0.051,1.424,3.774457148,0,2.75,21.71782859,6.921457148,0.026354285,0.0,0.026,2.581491756,5.741665976,0.0,-9.470679997,-6.88922854,-8.179954268,9.286832165,9.286832165,0.371090325,-3.190640944,0.778126207,30.8125,212.252,200.156,212.094963,80,0.293092097,-0.507964311,0.507964311,0.293092097,1.5625,2.375,3.0,2.545528984,3.00536406,926.7314981,21.76506652,19.80267548,7.802675481,12.72750383,10.00679963,4.098551336,2.723551336,2.723551336,1.621489264,1.621489264,1.00344973,1.00344973,-2.21,583358.8772,3.143112515,4.113288544,2.063735383,111.4939241,47.26,0.153846154,2.91358,62.6558
J5a_reduced,-39.19898375,-135.9924275,0.003876849,0.07916198,0.091115518,-0.017,-0.005,-0.011,1.012,2.909323115,0,2.860323115,27.93232311,8.663,0.012,0.0,0.012,1.351849426,17.56549091,-1.0,-4.912438198,-3.560558492,-4.236498345,11.27824478,11.27824478,0.308798658,-3.022122425,0.791898037,28.375,216.216,206.136,216.0666168,82,0.293092097,-0.545096905,0.545096905,0.293092097,1.5625,2.3125,2.9375,2.540109778,2.924432218,849.49238,20.13531001,17.67195847,7.671958467,11.88885776,8.941441119,4.033192829,2.649205416,2.649205416,1.595408311,1.595408311,0.928771764,0.928771764,-2.23,279107.2624,3.65985367,4.100821161,2.05579134,106.8822171,63.6,0.083333333,0.7498,57.4328
J5b_reduced,-38.3026,-133.1865614,-0.044330254,-0.213173716,-0.465130214,-0.019,-0.056,-0.037,1.427,3.786,0,2.748,22.09794942,6.981324903,0.01566751,0.0,0.015,1.403467631,17.2218451,-1.0,-4.915910892,-3.512449806,-4.214162839,11.50486042,11.50486042,0.183173658,-3.344807611,0.827079057,30.0,230.243,218.147,230.0822668,88,0.293092097,-0.545096723,0.545096723,0.293092097,1.588235294,2.352941176,2.941176471,2.535475934,3.039641469,935.7618966,22.63531001,20.17195847,8.171958467,13.10018263,10.19144112,4.283192829,2.899205416,2.899205416,1.71381001,1.71381001,1.047173463,1.047173463,-2.23,805761.5745,3.631588368,4.331014857,2.473632091,116.0571002,63.6,0.153846154,1.1399,62.0498
J3a_reduced,-47.90377026,-129.3902482,0.003540356,0.086214667,0.097037461,-0.006931241,-0.011103138,-0.009034379,1.016,2.897612838,0,2.859862482,27.9408087,8.664309414,0.010544693,0.0,0.010068759,2.367969647,4.278254048,0.0,-9.496132484,-7.128166784,-8.312151353,12.29213366,12.29213366,0.288798658,-3.376849109,0.823883279,32.0,215.252,202.148,215.0946287,82,0.293092097,-0.507964311,0.507964311,0.293092097,1.625,2.4375,3.125,2.604750563,2.94651623,933.4306178,22.63531001,20.76371018,7.763710176,13.10018263,10.48731697,4.079068684,2.690872083,2.690872083,1.618346238,1.618346238,0.939635322,0.939635322,-2.03,905215.9393,3.003941187,4.226018715,2.13581438,112.667837,40.54,0.153846154,2.5889,63.1068
J3b_reduced,-47.108684,-126.1384822,-0.014652137,-0.189333203,-0.446367895,-0.024139397,-0.073139397,-0.049139397,1.426,3.763139397,0,2.749,21.53615199,6.892742589,0.029464543,0.0,0.029557586,2.333438526,3.931015137,0.0,-9.382480349,-7.04908018,-8.215776786,12.51874931,12.51874931,0.163173658,-3.502274279,0.847117263,33.41176471,229.279,214.159,229.1102787,88,0.293092097,-0.507964311,0.507964311,0.293092097,1.529411765,2.352941176,3.0,2.600976225,3.085879439,1020.677539,25.13531001,23.26371018,8.263710176,14.31150749,11.73731697,4.329068684,2.940872083,2.940872083,1.736747937,1.736747937,1.058037022,1.058037022,-2.03,2614774.403,3.046016152,4.454042615,2.558584557,121.8427201,40.54,0.214285714,2.979,67.7238
J4a_reduced,-53.40485165,-124.3610919,0.002708767,0.084341585,0.094691812,-0.007495704,-0.012504296,-0.01,1.016747852,2.899260739,0,2.859495704,27.96014563,8.667017183,0.011700859,0.0,0.012,2.234351463,5.450231417,0.0,-9.636394036,-7.402020598,-8.519210667,11.500467,11.500467,0.388798658,-2.897122425,0.745525019,30.4,201.225,190.137,201.0789786,76,0.293092097,-0.507964311,0.507964311,0.293092097,1.6,2.4,3.066666667,2.540109778,2.924432218,847.4128007,20.13531001,18.26371018,7.263710176,11.88885776,9.237316974,3.829068684,2.46381001,2.46381001,1.493346238,1.493346238,0.880434472,0.880434472,-2.03,279107.2624,2.980514179,4.002881594,2.07084884,103.4929539,40.54,0.083333333,2.1988,58.4898
J4b_reduced,-51.60027597,-121.2346218,-0.01156278,-0.186253445,-0.443178066,-0.028,-0.073453266,-0.050453266,1.426546734,3.759453266,0,2.749,21.47872345,6.883260597,0.032330858,0.0,0.032453266,2.214883574,5.683357942,0.0,-9.516066582,-7.301170967,-8.408607888,11.72708264,11.72708264,0.263173658,-3.289252055,0.770710149,32.0,215.252,202.148,215.0946287,82,0.293092097,-0.507964311,0.507964311,0.293092097,1.625,2.4375,3.0625,2.535475934,3.039641469,933.4306178,22.63531001,20.76371018,7.763710176,13.10018263,10.48731697,4.079068684,2.71381001,2.71381001,1.611747937,1.611747937,0.998836172,0.998836172,-2.03,805761.5745,3.003941187,4.226018715,2.13581438,112.667837,40.54,0.153846154,2.5889,63.1068
J6a_reduced,-48.31394418,-129.1241891,0.00234125,0.084645937,0.095149183,-0.007832789,-0.012167211,-0.01,1.016,2.899167211,0,2.858665578,27.96884259,8.668334422,0.010883606,0.0,0.011,2.467373129,2.435500713,0.0,-9.460999673,-6.993660231,-8.227296673,12.26650866,12.26650866,0.285958522,-3.310123068,0.79239597,30.58823529,231.251,218.147,231.0895433,88,0.335044529,-0.507964311,0.507964311,0.335044529,1.647058824,2.470588235,3.176470588,2.597298306,2.86482402,952.4664074,23.34241679,21.17195847,8.171958467,13.57330918,10.64556526,4.237316974,2.751267489,2.751267489,1.688106014,1.688106014,0.9798028,0.9798028,-2.23,1347309.537,3.383519253,4.738041678,2.473632091,117.7813822,49.77,0.153846154,2.1729,64.4418
J6b_reduced,-47.61239919,-125.8294166,-0.014802728,-0.193562414,-0.44996572,-0.023,-0.075,-0.049,1.425,3.768371362,0,2.75,21.53867509,6.89285681,0.028613508,0.0,0.028742724,2.438961989,4.457692168,0.0,-9.343406947,-6.904478705,-8.12390173,12.49312431,12.49312431,0.160333522,-3.423366638,0.813453594,32.0,245.278,230.158,245.1051933,94,0.335055005,-0.507964311,0.507964311,0.335055005,1.555555556,2.388888889,3.055555556,2.592993014,3.014926015,1040.06624,25.84241679,23.67195847,8.671958467,14.78463404,11.89556526,4.487316974,3.001267489,3.001267489,1.806507713,1.806507713,1.098204499,1.098204499,-2.23,3890397.068,3.408460413,4.956670074,2.533716768,126.9562653,49.77,0.214285714,2.563,69.0588
F1a_reduced,-45.28019231,-133.2799529,0.006069596,0.089783937,0.101343402,-0.010946747,-0.014103535,-0.013021806,1.015,2.895138439,0,2.859898781,27.88062425,8.655232988,0.010026748,0.0,0.010021806,2.743163212,4.015592998,0.0,-9.26563746,-6.52247294,-7.894056073,12.12984048,12.12984048,0.015187547,-3.272968632,0.833180942,32.875,214.268,200.156,214.1106131,82,0.245913697,-0.365820608,0.365820608,0.245913697,1.625,2.4375,3.1875,2.620891509,2.911602917,969.0358664,23.5055535,21.80267548,7.802675481,13.5055535,10.99297853,4.098551336,2.600972958,2.600972958,1.516284165,1.516284165,0.888952586,0.888952586,-2.03,1343652.45,2.800137565,4.659852255,2.507098156,114.6479074,46.33,0.153846154,1.7752,63.0194
F1b_reduced,-44.29459848,-129.7588417,-0.035879758,-0.217324003,-0.488498457,-0.023048081,-0.097067195,-0.060067195,1.427990738,3.790163314,0,2.743966403,21.93609786,6.955971338,0.026952148,1.45e-05,0.026163314,2.716016044,4.443689929,0.0,-9.14918499,-6.433223966,-7.791204968,12.35645612,12.35645612,0.110437453,-3.462480579,0.861377664,34.23529412,228.295,212.167,228.1262631,88,0.245924093,-0.365820457,0.365820457,0.245924093,1.647058824,2.470588235,3.176470588,2.615385661,3.044176241,1056.646891,26.0055535,24.30267548,8.302675481,14.71687836,12.24297853,4.348551336,2.850972958,2.850972958,1.634685865,1.634685865,1.007354286,1.007354286,-2.03,3873804.626,2.858441708,4.868736204,2.967842213,123.8227906,46.33,0.214285714,2.1653,67.6364
F2a_reduced,-50.53571212,-130.0328508,0.006795519,0.088244546,0.099004685,-0.013209792,-0.015403264,-0.013806528,1.015403264,2.896596736,0,2.856790208,27.86320979,8.652,0.010740326,0.0,0.011,2.67967138,6.137027896,0.0,-9.505377389,-6.825680416,-8.165528902,9.14597731,9.14597731,0.169770881,-3.10462963,0.726844832,32.33333333,196.253,184.157,196.1000484,74,0.096531431,-0.349211696,0.349211696,0.096531431,1.533333333,2.333333333,3.066666667,2.560741858,2.878680575,910.5890018,21.05795974,19.39442719,7.394427191,12.2221911,9.894427191,3.894427191,2.407623792,2.407623792,1.414222093,1.414222093,0.840615295,0.840615295,-2.01,387645.1024,2.764616898,4.47457963,2.474569757,106.6130201,27.03,0.153846154,2.81348,59.438
F2b_reduced,-50.01702071,-126.1609668,-0.040406553,-0.218515433,-0.489289248,-0.026389326,-0.097,-0.062,1.426,3.792389326,0,2.744,22.02261855,6.970167979,0.0289,0.0,0.029,2.668660618,6.231899391,0.0,-9.369369379,-6.700672354,-8.035040333,9.311368467,9.311368467,0.044145881,-3.294141576,0.74909207,33.8125,210.28,196.168,210.1156984,80,0.096542069,-0.348948668,0.348948668,0.096542069,1.5625,2.375,3.0625,2.554468021,2.981594036,997.5405177,23.55795974,21.89442719,7.894427191,13.43351596,11.14442719,4.144427191,2.657623792,2.657623792,1.532623792,1.532623792,0.959016994,0.959016994,-2.01,1117324.312,2.808921394,4.673281361,2.516251646,115.7879032,27.03,0.214285714,3.20358,64.055
F5a_reduced,-37.08859667,-139.3054184,0.00842674,0.08215,0.09432,-0.002,-0.008,-0.005,1.012,2.906,0,2.86,27.826,8.646,0.0083,0.0,0.008,0.82376392,19.248,-1.0,-4.63,-3.8062,-4.2248,11.32428492,11.32428492,0.018145786,-3.258796296,0.754696414,31.375,214.244,202.148,214.0873522,82,0.082155558,-0.545097135,0.545097135,0.082155558,1.5625,2.3125,3.0,2.550836707,2.902644213,922.3227521,21.92820323,19.76371018,7.763710176,12.5948699,10.07906868,4.079068684,2.583277872,2.583277872,1.506542839,1.506542839,0.884339028,0.884339028,-2.03,535446.1332,3.230832667,4.659852255,2.507098156,111.1761962,43.37,0.153846154,1.0398,58.832
F5b_reduced,-35.63949,-135.9623075,-0.10191012,-0.26643,-0.52804,-0.01,-0.082,-0.046,1.444,3.823,0,2.739,23.237,7.159,0.0233,0.002,0.022,0.83632262,19.078,-1.0,-4.6197,-3.7833,-4.2082,11.55090057,11.55090057,0.143770786,-3.448308243,0.785678102,32.82352941,228.271,214.159,228.1030023,88,0.082155927,-0.545096953,0.545096953,0.082155927,1.588235294,2.352941176,3.0,2.544071696,3.016461171,1009.42366,24.42820323,22.26371018,8.263710176,13.80619476,11.32906868,4.329068684,2.833277872,2.833277872,1.624944538,1.624944538,1.002740727,1.002740727,-2.03,1542623.314,3.252678407,4.868736204,2.967842213,120.3510793,43.37,0.214285714,1.4299,63.449
F3a_reduced,-48.48626598,-129.9658568,0.004313817,0.086555609,0.097687184,-0.008973642,-0.015080169,-0.012033495,1.015,2.898119706,0,2.859889357,27.92256337,8.661183675,0.010931354,0.0,0.011023337,2.447368381,4.74027982,0.0,-9.418049397,-6.970664545,-8.194324364,12.33817381,12.33817381,0.038145786,-3.454456058,0.76911143,35.0,213.28,198.16,213.1153641,82,0.157062624,-0.349801233,0.349801233,0.157062624,1.625,2.4375,3.1875,2.61496855,2.932242595,1006.12327,24.42820323,22.85546189,7.855461886,13.80619476,11.62494454,4.124944538,2.624944538,2.624944538,1.529480766,1.529480766,0.895202586,0.895202586,-1.83,1736469.866,2.700167961,4.794630404,2.599223493,116.9618161,20.31,0.214285714,2.8789,64.506
F3b_reduced,-45.92914524,-128.4224078,-0.027053109,-0.206210428,-0.478488351,-0.029169101,-0.091120093,-0.060120093,1.42891545,3.777289193,0,2.743964458,21.76922464,6.929615068,0.031970675,0.0,0.031422752,2.427356121,5.158385415,0.0,-9.296173941,-6.868769455,-8.082428376,12.56478946,12.56478946,0.163770786,-3.579881228,0.789529539,36.23529412,227.307,210.171,227.1310142,88,0.157072923,-0.349538208,0.349538208,0.157072923,1.529411765,2.352941176,3.058823529,2.609266043,3.070348963,1094.196832,26.92820323,25.35546189,8.355461886,15.01751963,12.87494454,4.374944538,2.874944538,2.874944538,1.647882466,1.647882466,1.013604286,1.013604286,-1.83,5006033.46,2.768435045,5.000460649,3.064386648,126.1366992,20.31,0.266666667,3.269,69.123
F4a_reduced,-51.96672588,-125.7867675,0.003003496,0.083769291,0.094151968,-0.008896099,-0.017059769,-0.012615081,1.015725705,2.900608358,0,2.858599445,27.9530998,8.666008913,0.012294914,0.0,0.012170393,2.320128857,6.034639774,0.0,-9.568573024,-7.248479147,-8.408526085,11.54650714,11.54650714,0.061854214,-3.203240741,0.696946501,33.6,199.253,186.149,199.099714,76,0.147300583,-0.349811859,0.349811859,0.147300583,1.6,2.4,3.133333333,2.550836707,2.902644213,919.2365858,21.92820323,20.35546189,7.355461886,12.5948699,10.37494454,3.874944538,2.397882466,2.397882466,1.404480766,1.404480766,0.836001737,0.836001737,-1.83,535446.1332,2.642333644,4.599250559,2.560949991,107.786933,20.31,0.153846154,2.4888,59.889
F4b_reduced,-50.53712533,-122.0829473,-0.023449983,-0.202808468,-0.47524317,-0.033666254,-0.090305064,-0.061666254,1.429028682,3.773332509,0,2.743819405,21.70130243,6.91881693,0.034885659,0.0,0.034485659,2.308753062,6.21015995,0.0,-9.436885443,-7.128144553,-8.282524028,11.77312279,11.77312279,0.063770786,-3.392752687,0.719473255,35.0,213.28,198.16,213.1153641,82,0.147310883,-0.349548834,0.349548834,0.147310883,1.625,2.4375,3.125,2.544071696,3.016461171,1006.12327,24.42820323,22.85546189,7.855461886,13.80619476,11.62494454,4.124944538,2.647882466,2.647882466,1.522882466,1.522882466,0.954403436,0.954403436,-1.83,1542623.314,2.700167961,4.794630404,2.599223493,116.9618161,20.31,0.214285714,2.8789,64.506
F6a_reduced,-46.81149987,-131.4566066,0.003462205,0.085132089,0.095832703,-0.009950586,-0.016219788,-0.013113583,1.015056791,2.899866792,0,2.858187803,27.94174267,8.663903958,0.01138914,0.0,0.011162996,2.547516327,3.664922249,0.0,-9.376403043,-6.828887209,-8.102657097,12.31254881,12.31254881,0.040985922,-3.37070278,0.745586735,33.41176471,229.279,214.159,229.1102787,88,0.335030734,-0.465604172,0.465604172,0.335030734,1.647058824,2.470588235,3.235294118,2.607273649,2.862908065,1026.187314,25.13531001,23.26371018,8.263710176,14.27932131,11.78319283,4.283192829,2.685339944,2.685339944,1.599240542,1.599240542,0.935370064,0.935370064,-2.03,2583860.332,3.046016152,5.344160557,2.967842213,122.0753613,29.54,0.214285714,2.4629,65.841
F6b_reduced,-46.09154799,-127.4758182,-0.030203571,-0.213428829,-0.485594811,-0.028343787,-0.093,-0.061,1.428,3.785687574,0,2.743656213,21.82825089,6.939375149,0.032259349,0.0,0.032,2.493844088,4.819027795,0.0,-9.250412782,-6.75657503,-8.003543906,12.53916446,12.53916446,0.166610922,-3.526867271,0.764461939,34.66666667,243.306,226.17,243.1259288,94,0.335041209,-0.465604047,0.465604047,0.335041209,1.555555556,2.388888889,3.111111111,2.60101772,3.010554565,1114.592936,27.63531001,25.76371018,8.763710176,15.49064617,13.03319283,4.533192829,2.935339944,2.935339944,1.717642241,1.717642241,1.053771764,1.053771764,-2.03,7446297.568,3.101397433,5.537230752,3.003941187,131.2502444,29.54,0.266666667,2.853,70.458
G1a_reduced,-42.92068932,-135.1883452,0.007516862,0.09045664,0.10149597,-0.014244498,-0.012449464,-0.013611127,1.015,2.894166827,0,2.85951354,27.8471898,8.649902405,0.01010355,0.0,0.010002795,2.760529725,3.824615973,0.0,-9.236540266,-6.475994644,-7.85624275,12.19595611,12.19595611,0.186386999,-3.696027022,0.854030741,34.23529412,228.295,212.167,228.1262631,88,0.245913461,-0.36582061,0.36582061,0.245913461,1.588235294,2.411764706,3.176470588,2.681959814,2.900934194,1062.156666,26.0055535,24.30267548,8.302675481,14.7555535,12.24297853,4.348551336,2.725972958,2.725972958,1.585382466,1.585382466,0.895550887,0.895550887,-2.03,4560645.843,2.858441708,5.344160557,3.210314809,123.8227906,46.33,0.214285714,1.8177,67.8864
G1b_reduced,-42.53138257,-130.999828,-0.038799342,-0.21878476,-0.491665068,-0.025016354,-0.086052882,-0.055052882,1.428012533,3.79108941,0,2.742983646,21.99201492,6.964800566,0.025026809,0.0,0.025115851,2.741089854,4.401181249,0.0,-9.171058487,-6.42989733,-7.800526586,12.42257176,12.42257176,0.312011999,-3.858527022,0.87951666,35.44444444,242.322,224.178,242.1419132,94,0.245923857,-0.365820458,0.365820458,0.245923857,1.611111111,2.444444444,3.166666667,2.677178045,3.028219975,1150.90929,28.5055535,26.80267548,8.802675481,15.96687836,13.49297853,4.598551336,2.975972958,2.975972958,1.703784165,1.703784165,1.013952586,1.013952586,-2.03,13154287.55,2.926558786,5.537230752,3.230832667,132.9976737,46.33,0.266666667,2.2078,72.5034
G2a_reduced,-49.13115846,-130.6958047,0.007987059,0.088199021,0.098575034,-0.014416283,-0.012976539,-0.013361821,1.015976539,2.896385282,0,2.85766918,27.83548388,8.647911327,0.0106969,0.0,0.011,2.690166691,6.006490432,0.0,-9.480812842,-6.7906923,-8.135752571,9.187685933,9.187685933,0.031803666,-3.52768802,0.766656863,33.8125,210.28,196.168,210.1156984,80,0.096531192,-0.35323146,0.35323146,0.096531192,1.5,2.3125,3.0625,2.626880314,2.862035095,1003.050293,23.55795974,21.89442719,7.894427191,13.4721911,11.14442719,4.144427191,2.532623792,2.532623792,1.483320393,1.483320393,0.847213595,0.847213595,-2.01,1318982.875,2.808921394,5.178423773,2.739912069,115.7879032,27.03,0.214285714,2.85598,64.305
G2b_reduced,-48.63501444,-127.1032326,-0.04330769,-0.21946,-0.49159,-0.028,-0.086,-0.057,1.427,3.793,0,2.743,22.078,6.979,0.027,0.0,0.027,2.67349756,6.102,0.0,-9.3979,-6.7244,-8.0611,9.35307709,9.35307709,0.157428666,-3.69018802,0.787682445,35.11764706,224.307,208.179,224.1313485,86,0.09654183,-0.352968426,0.352968426,0.09654183,1.529411765,2.352941176,3.058823529,2.6214983,2.960532841,1091.174969,26.05795974,24.39442719,8.394427191,14.68351596,12.39442719,4.394427191,2.782623792,2.782623792,1.601722093,1.601722093,0.965615295,0.965615295,-2.01,3803741.604,2.866873839,5.358104007,3.220501965,124.9627863,27.03,0.266666667,3.24608,68.922
G5a_reduced,-34.58466261,-140.1381113,0.009973889,0.08362823,0.095436486,-0.00608719,-0.007844687,-0.006465939,1.012844687,2.903465939,0,2.857310626,27.78956128,8.640708442,0.0084,0.0,0.008,0.849672455,19.76490901,-1.0,-4.621543301,-3.771799569,-4.200618982,11.39040055,11.39040055,0.219720333,-3.681854686,0.774238912,32.82352941,228.271,214.159,228.1030023,88,0.082141346,-0.545097137,0.545097137,0.082141346,1.529411765,2.294117647,3.0,2.617907616,2.885793988,1014.933435,24.42820323,22.26371018,8.263710176,13.8448699,11.32906868,4.329068684,2.708277872,2.708277872,1.57564114,1.57564114,0.890937329,0.890937329,-2.03,1822770.536,3.252678407,5.344160557,3.210314809,120.3510793,43.37,0.214285714,1.0823,63.699
G5b_reduced,-34.47375255,-136.7543693,-0.103377657,-0.267427956,-0.531704718,-0.010283672,-0.082527214,-0.045905443,1.442094557,3.825243542,0,2.738094557,23.26744972,7.164487085,0.020813469,0.001,0.020094557,0.894528092,19.64017392,-1.0,-4.611676569,-3.717148901,-4.168157292,11.6170162,11.6170162,0.345345333,-3.844354686,0.802755308,34.11111111,242.298,226.17,242.1186523,94,0.082141715,-0.545096955,0.545096955,0.082141715,1.555555556,2.333333333,3.0,2.612144518,2.994938392,1103.193475,26.92820323,24.76371018,8.763710176,15.05619476,12.57906868,4.579068684,2.958277872,2.958277872,1.694042839,1.694042839,1.009339028,1.009339028,-2.03,5254407.063,3.292385062,5.537230752,3.230832667,129.5259625,43.37,0.266666667,1.4724,68.316
G3a_reduced,-47.63528081,-130.3073681,0.00608848,0.088151922,0.098871985,-0.008209834,-0.013933139,-0.011073028,1.015926972,2.896164558,0,2.858990749,27.8806274,8.654685006,0.011089403,0.0,0.011003084,2.43698138,4.538357285,0.0,-9.404736086,-6.967739578,-8.186241483,12.40428944,12.40428944,0.239720333,-3.751724301,0.78790991,36.23529412,227.307,210.171,227.1310142,88,0.15706239,-0.35382101,0.35382101,0.15706239,1.588235294,2.411764706,3.176470588,2.676532098,2.921675187,1099.706607,26.92820323,25.35546189,8.355461886,15.05619476,12.87494454,4.374944538,2.749944538,2.749944538,1.598579067,1.598579067,0.901800887,0.901800887,-1.83,5895329.599,2.768435045,5.48402826,3.312718825,126.1366992,20.31,0.266666667,2.9214,69.373
G3b_reduced,-45.48320912,-128.9852731,-0.032726432,-0.209413187,-0.483341625,-0.031516829,-0.082040849,-0.057040849,1.429,3.780544444,0,2.743,21.87671176,6.946935947,0.032711813,0.0,0.032592483,2.362938539,5.503311868,0.0,-9.27552175,-6.912548716,-8.094058672,12.63090509,12.63090509,0.365345333,-3.914224301,0.805703817,37.33333333,241.334,222.182,241.1466642,94,0.157072689,-0.353557979,0.353557979,0.157072689,1.5,2.333333333,3.055555556,2.671598829,3.054956436,1188.897364,29.42820323,27.85546189,8.855461886,16.26751963,14.12494454,4.624944538,2.999944538,2.999944538,1.716980766,1.716980766,1.020202586,1.020202586,-1.83,17003310.6,2.844357389,5.673789428,3.329370471,135.3115823,20.31,0.3125,3.3115,73.99
G4a_reduced,-50.33528814,-126.6577383,0.002489558,0.083638014,0.093749402,-0.010310384,-0.013689616,-0.012,1.015655192,2.900724041,0,2.858310384,27.96524041,8.667758465,0.012203442,0.0,0.012,2.315388016,5.754492085,0.0,-9.589838036,-7.274448138,-8.432175846,11.61262278,11.61262278,0.139720333,-3.626299131,0.716249184,35.0,213.28,198.16,213.1153641,82,0.147300349,-0.353831635,0.353831635,0.147300349,1.5625,2.375,3.125,2.617907616,2.885793988,1011.633045,24.42820323,22.85546189,7.855461886,13.8448699,11.62494454,4.124944538,2.522882466,2.522882466,1.473579067,1.473579067,0.842600037,0.842600037,-1.83,1822770.536,2.700167961,5.307899675,2.828426235,116.9618161,20.31,0.214285714,2.5313,64.756
G4b_reduced,-48.97449889,-123.8408843,-0.026403452,-0.204280104,-0.477911885,-0.034387432,-0.079387432,-0.056387432,1.429612568,3.774774864,0,2.743,21.75688471,6.927712023,0.033564918,0.0,0.033387432,2.303036933,5.977526397,0.0,-9.45642202,-7.153340821,-8.304870163,11.83923842,11.83923842,0.265345333,-3.788799131,0.737058488,36.23529412,227.307,210.171,227.1310142,88,0.147310649,-0.353568604,0.353568604,0.147310649,1.588235294,2.411764706,3.117647059,2.612144518,2.994938392,1099.706607,26.92820323,25.35546189,8.355461886,15.05619476,12.87494454,4.374944538,2.772882466,2.772882466,1.591980766,1.591980766,0.961001737,0.961001737,-1.83,5254407.063,2.768435045,5.48402826,3.312718825,126.1366992,20.31,0.266666667,2.9214,69.373
G6a_reduced,-44.81385424,-133.2294503,0.005040714,0.086625571,0.097021115,-0.009157786,-0.014927648,-0.012085434,1.015914566,2.897282465,0,2.857986918,27.90459163,8.658808148,0.011389454,0.0,0.011013082,2.543048781,3.301677747,0.0,-9.362776325,-6.819752058,-8.09125992,12.37866444,12.37866444,0.242560469,-3.760413714,0.760926222,34.66666667,243.306,226.17,243.1259288,94,0.335030497,-0.465604173,0.465604173,0.335030497,1.611111111,2.444444444,3.222222222,2.669547458,2.866207902,1120.102711,27.63531001,25.76371018,8.763710176,15.52932131,13.03319283,4.533192829,2.810339944,2.810339944,1.668338843,1.668338843,0.941968365,0.941968365,-2.03,8775309.708,3.101397433,6.052774562,3.230832667,131.2502444,29.54,0.266666667,2.5054,70.708
G6b_reduced,-44.49215519,-129.3385523,-0.032562331,-0.215211165,-0.488709348,-0.029568453,-0.085096461,-0.057332457,1.428,3.786568453,0,2.743,21.87293045,6.946435593,0.03097721,0.0,0.030608898,2.486159235,4.518572312,0.0,-9.234980494,-6.74878574,-7.991875362,12.60528009,12.60528009,0.368185469,-3.922913714,0.77673071,35.78947368,257.333,238.181,257.1415788,100,0.335040972,-0.465604049,0.465604049,0.335040972,1.526315789,2.368421053,3.105263158,2.66418215,3.007929035,1209.601506,30.13531001,28.26371018,9.263710176,16.74064617,14.28319283,4.783192829,3.060339944,3.060339944,1.786740542,1.786740542,1.060370064,1.060370064,-2.03,25302004.3,3.166596836,6.228915635,3.713648012,140.4251275,29.54,0.3125,2.8955,75.325
H1a_reduced,-43.79716838,-134.6306638,0.00535077,0.089303122,0.10024307,-0.016333725,-0.01223227,-0.014098416,1.014948514,2.895720996,0,2.858841442,27.89740949,8.657407108,0.010348791,0.0,0.010061342,2.754215436,4.102478258,0.0,-9.259514176,-6.505298526,-7.882425231,12.252843,12.252843,0.318912982,-4.007210176,0.860103234,35.44444444,242.322,224.178,242.1419132,94,0.245913459,-0.36582061,0.36582061,0.245913459,1.555555556,2.388888889,3.166666667,2.737238901,2.894380722,1156.419065,28.5055535,26.80267548,8.802675481,16.0055535,13.49297853,4.598551336,2.850972958,2.850972958,1.647882466,1.647882466,0.930100037,0.930100037,-2.03,15367242.4,2.926558786,6.052774562,3.484435735,132.9976737,46.33,0.266666667,2.2078,72.5034
H1b_reduced,-42.18478469,-131.8831679,-0.035441501,-0.218180979,-0.493289672,-0.026620744,-0.084938866,-0.05558598,1.426346407,3.791754305,0,2.743003628,21.92805879,6.954898826,0.02410076,0.0,0.024009505,2.737766176,4.374858595,0.0,-9.123420002,-6.38565784,-7.754508805,12.47945865,12.47945865,0.444537982,-4.132635346,0.87984986,36.52631579,256.349,236.189,256.1575633,100,0.245923855,-0.365820458,0.365820458,0.245923855,1.578947368,2.421052632,3.157894737,2.732941952,3.01439922,1246.248219,31.0055535,29.30267548,9.302675481,17.21687836,14.74297853,4.848551336,3.100972958,3.100972958,1.766284165,1.766284165,1.048501737,1.048501737,-2.03,44332773.16,3.001998565,6.228915635,3.98394006,142.1725568,46.33,0.3125,2.5979,77.1204
H2a_reduced,-48.87176166,-130.681504,0.006317194,0.088224369,0.098620176,-0.015515041,-0.012214575,-0.013940954,1.015425914,2.896166497,0,2.856306148,27.87440297,8.653435998,0.010850612,0.0,0.011,2.681987785,6.109818707,0.0,-9.488542574,-6.806561052,-8.147548151,9.224156634,9.224156634,0.164329649,-3.877456538,0.784627264,35.11764706,224.307,208.179,224.1313485,86,0.09653119,-0.353551404,0.353551404,0.09653119,1.470588235,2.294117647,3.058823529,2.686371331,2.853417814,1096.684744,26.05795974,24.39442719,8.394427191,14.7221911,12.39442719,4.394427191,2.657623792,2.657623792,1.545820393,1.545820393,0.881762746,0.881762746,-2.01,4453224.62,2.866873839,5.907591112,3.494584809,124.9627863,27.03,0.266666667,3.24608,68.922
H2b_reduced,-47.54344649,-127.8460982,-0.040983967,-0.219443878,-0.493280006,-0.027938434,-0.085765625,-0.057033863,1.425291518,3.794656922,0,2.743410803,22.03402755,6.971732914,0.026970887,0.0,0.026736185,2.671717941,6.191224428,0.0,-9.34713757,-6.675428365,-8.011304636,9.389547791,9.389547791,0.289954649,-4.002881708,0.800444214,36.27777778,238.334,220.19,238.1469986,92,0.096541828,-0.353288369,0.353288369,0.096541828,1.5,2.333333333,3.055555556,2.681589424,2.945699833,1185.916862,28.55795974,26.89442719,8.894427191,15.93351596,13.64442719,4.644427191,2.907623792,2.907623792,1.664222093,1.664222093,1.000164445,1.000164445,-2.01,12845725.08,2.934700895,6.067176136,3.494809098,134.1376694,27.03,0.3125,3.63618,73.539
H5a_reduced,-35.42739497,-140.9018833,0.007921235,0.08262759,0.09431299,-0.011988433,-0.007720497,-0.010109304,1.012019677,2.905361341,0,2.857123377,27.83729456,8.647563899,0.008828788,0.0,0.008618982,0.532168639,21.65865428,-1.0,-4.581663414,-4.049487367,-4.319518474,11.44728745,11.44728745,0.352246315,-3.992063492,0.785036222,34.11111111,242.298,226.17,242.1186523,94,0.08214112,-0.545097137,0.545097137,0.08214112,1.5,2.277777778,3.0,2.678142319,2.876137097,1108.70325,26.92820323,24.76371018,8.763710176,15.0948699,12.57906868,4.579068684,2.833277872,2.833277872,1.63814114,1.63814114,0.925486479,0.925486479,-2.03,6156299.311,3.292385062,6.052774562,3.484435735,129.5259625,43.37,0.266666667,1.4724,68.316
H5b_reduced,-34.30416966,-137.2334134,-0.101978035,-0.267715981,-0.533380238,-0.0105924,-0.083770253,-0.047464553,1.43868978,3.829244814,0,2.739,23.23910523,7.159625341,0.020385698,0.001,0.019216773,0.599004199,20.5590059,-1.0,-4.571627821,-3.972631336,-4.276111678,11.67390309,11.67390309,0.477871315,-4.117488662,0.807363355,35.26315789,256.325,238.181,256.1343024,100,0.082141489,-0.545096955,0.545096955,0.082141489,1.526315789,2.315789474,3.0,2.673058321,2.978659146,1198.059112,29.42820323,27.26371018,9.263710176,16.30619476,13.82906868,4.829068684,3.083277872,3.083277872,1.756542839,1.756542839,1.043888178,1.043888178,-2.03,17751646.66,3.345113045,6.228915635,3.98394006,138.7008456,43.37,0.3125,1.8625,72.933
H3a_reduced,-46.60222848,-132.1528807,0.003540666,0.085604948,0.096266644,-0.014736961,-0.013182178,-0.013498563,1.014966086,2.899202228,0,2.859614868,27.94063516,8.663851636,0.011120361,0.0,0.011068086,2.445079389,4.794902341,0.0,-9.391809467,-6.946712608,-8.169258637,12.46117634,12.46117634,0.372246315,-4.050497803,0.787919649,37.33333333,241.334,222.182,241.1466642,94,0.157062388,-0.354140956,0.354140956,0.157062388,1.555555556,2.388888889,3.166666667,2.732225431,2.914536165,1194.407139,29.42820323,27.85546189,8.855461886,16.30619476,14.12494454,4.624944538,2.874944538,2.874944538,1.661079067,1.661079067,0.936350037,0.936350037,-1.83,19868333.5,2.844357389,6.197176924,3.588673559,135.3115823,20.31,0.3125,3.3115,73.99
H3b_reduced,-46.39724548,-127.7789505,-0.029458112,-0.207867952,-0.482791225,-0.030466588,-0.078710605,-0.054426888,1.428578112,3.779603509,0,2.743,21.81428699,6.936917127,0.029831835,0.0,0.029691584,2.439606977,5.017580305,0.0,-9.285247562,-6.845630167,-8.065405786,12.68779198,12.68779198,0.497871315,-4.175922973,0.799237473,38.31578947,255.361,234.193,255.1623143,100,0.157072687,-0.353877924,0.353877924,0.157072687,1.473684211,2.315789474,3.052631579,2.727808572,3.040790088,1284.651721,31.92820323,30.35546189,9.355461886,17.51751963,15.37494454,4.874944538,3.124944538,3.124944538,1.779480766,1.779480766,1.054751737,1.054751737,-1.83,57316631.89,2.926059762,6.369830569,4.09143849,144.4864654,20.31,0.352941176,3.7016,78.607
H4a_reduced,-50.68662548,-126.6705391,0.001458271,0.081779444,0.091583877,-0.011721509,-0.014401596,-0.013,1.015362141,2.902750651,0,2.857411285,27.98914247,8.671339366,0.012396018,0.0,0.012187119,2.313236396,6.481313891,0.0,-9.558723837,-7.245514992,-8.402130138,11.66950967,11.66950967,0.272246315,-3.951247166,0.720789518,36.23529412,227.307,210.171,227.1310142,88,0.147300347,-0.354151581,0.354151581,0.147300347,1.529411765,2.352941176,3.117647059,2.678142319,2.876137097,1105.216382,26.92820323,25.35546189,8.355461886,15.0948699,12.87494454,4.374944538,2.647882466,2.647882466,1.536079067,1.536079067,0.877149187,0.877149187,-1.83,6156299.311,2.768435045,6.041288888,3.592507685,126.1366992,20.31,0.266666667,2.9214,69.373
H4b_reduced,-50.12739773,-123.4763476,-0.025308103,-0.204303316,-0.479230349,-0.035465564,-0.078888251,-0.056848938,1.428260567,3.776181627,0,2.743,21.7361426,6.924353501,0.033945149,0.0,0.033888063,2.298026309,6.240894765,0.0,-9.415361286,-7.117340495,-8.266348895,11.89612532,11.89612532,0.397871315,-4.076672336,0.737067599,37.33333333,241.334,222.182,241.1466642,94,0.147310648,-0.35388855,0.35388855,0.147310648,1.555555556,2.388888889,3.111111111,2.673058321,2.978659146,1194.407139,29.42820323,27.85546189,8.855461886,16.30619476,14.12494454,4.624944538,2.897882466,2.897882466,1.654480766,1.654480766,0.995550887,0.995550887,-1.83,17751646.66,2.844357389,6.197176924,3.588673559,135.3115823,20.31,0.3125,3.3115,73.99
H6a_reduced,-45.05112688,-133.2837787,0.002808755,0.085279096,0.095517171,-0.01235879,-0.014073292,-0.01319675,1.015692594,2.899176888,0,2.857690392,27.95718147,8.666753218,0.011333395,0.0,0.011073292,2.547140368,3.455861259,0.0,-9.346707895,-6.799574446,-8.073154446,12.43555134,12.43555134,0.375086451,-4.05952381,0.759586061,35.78947368,257.333,238.181,257.1415788,100,0.335030495,-0.465604173,0.465604173,0.335030495,1.578947368,2.421052632,3.210526316,2.725811346,2.869361695,1215.111281,30.13531001,28.26371018,9.263710176,16.77932131,14.28319283,4.783192829,2.935339944,2.935339944,1.730838843,1.730838843,0.976517515,0.976517515,-2.03,29582112.96,3.166596836,6.783073553,3.98394006,140.4251275,29.54,0.3125,2.8955,75.325
H6b_reduced,-44.23142752,-129.5788291,-0.030917343,-0.212992842,-0.487022176,-0.028786147,-0.081621726,-0.055278227,1.427477105,3.785702087,0,2.743886038,21.84206071,6.941435327,0.030101395,0.0,0.030029989,2.519676142,4.193123976,0.0,-9.222965833,-6.703330665,-7.963117885,12.66216698,12.66216698,0.500711451,-4.18494898,0.769654399,36.8,271.36,250.192,271.1572289,106,0.33504097,-0.465604049,0.465604049,0.33504097,1.5,2.35,3.1,2.721049685,3.003378099,1305.643164,32.63531001,30.76371018,9.763710176,17.99064617,15.53319283,5.033192829,3.185339944,3.185339944,1.849240542,1.849240542,1.094919215,1.094919215,-2.03,85316172.76,3.239242525,6.941520169,3.984511008,149.6000107,29.54,0.352941176,3.2856,79.942
K1a_reduced,-43.1462727,-132.7667064,0.006206155,0.091330894,0.102802091,-0.02238641,-0.002403398,-0.012193205,1.01578357,2.892636815,0,2.86016998,27.87744975,8.654630578,0.021729696,0.0,0.021602839,0.218583489,26.06643892,-1.0,-5.133227153,-4.914680986,-5.023964891,12.21910426,12.21910426,0.257760456,-3.807687311,0.827384191,30.0,271.296,256.176,271.1088159,104,0.245913461,-0.544815116,0.544815116,0.245913461,1.5,2.25,2.9,2.697100562,2.925391281,1161.527074,27.58290377,24.61917206,9.619172062,15.6662371,12.40122682,5.006799627,3.263430436,3.263430436,1.914506611,1.914506611,1.060112959,1.060112959,-2.56,10569775.27,4.21519402,6.055669871,3.474500562,137.738518,86.46,0.2,0.1812,72.2169
K1b_reduced,-41.67666779,-129.6773516,-0.034467133,-0.209121447,-0.482565363,-0.036454049,-0.027908097,-0.031908097,1.430210157,3.779362146,0,2.743,21.90965425,6.951797878,0.015080718,0.0,0.015362146,0.235819466,27.89421891,-1.0,-5.089208766,-4.853397969,-4.971253368,12.4457199,12.4457199,0.383385456,-3.970187311,0.856627568,31.23809524,285.323,268.187,285.124466,110,0.245923857,-0.544815116,0.544815116,0.245923857,1.523809524,2.285714286,2.904761905,2.69187338,3.046130083,1251.735584,30.08290377,27.11917206,10.11917206,16.87756197,13.65122682,5.256799627,3.513430436,3.513430436,2.032908311,2.032908311,1.178514659,1.178514659,-2.56,30481697.41,4.223739657,6.260108968,3.950748478,146.9134011,86.46,0.25,0.5713,76.8339
K2a_reduced,-49.26628019,-131.5836123,0.011430077,0.094533565,0.104863561,-0.020080492,-0.000345494,-0.009714685,1.017637579,2.887899281,0,2.857359035,27.75539478,8.634811346,0.019515634,0.0,0.01989251,0.276094648,18.81037497,-1.0,-5.10733374,-4.83126441,-4.969349075,11.16185435,11.16185435,0.103177123,-3.639348309,0.808755498,29.42105263,253.281,240.177,253.0982512,96,0.096531192,-0.544815116,0.544815116,0.096531192,1.578947368,2.315789474,2.947368421,2.643051913,2.888704437,1104.114022,25.13531001,22.21092377,9.210923772,14.3828747,11.30267548,4.802675481,3.070081271,3.070081271,1.812444538,1.812444538,1.011775668,1.011775668,-2.54,3058433.951,4.240226072,5.873406506,3.45803845,129.7036306,67.16,0.2,1.21948,68.6355
K2b_reduced,-47.7772225,-127.8794801,-0.03808643,-0.21003,-0.4829,-0.038,-0.027,-0.033,1.429,3.781,0,2.743,21.978,6.963,0.0139,0.0,0.014,0.21217847,24.638,-1.0,-5.1999,-4.9878,-5.0939,11.22339897,11.22339897,0.228802123,-3.801848309,0.830829294,30.75,267.308,252.188,267.1139013,102,0.09654183,-0.544815116,0.544815116,0.09654183,1.6,2.35,2.95,2.637042479,2.980278274,1193.779759,27.63531001,24.71092377,9.710923772,15.59419956,12.55267548,5.052675481,3.320081271,3.320081271,1.930846238,1.930846238,1.130177368,1.130177368,-2.54,8818059.087,4.225246278,6.069207857,3.48406523,138.8785138,67.16,0.25,1.60958,73.2525
K5a_reduced,-33.9659481,-142.7549945,0.00922019,0.08686,0.09966,-0.024,-0.001,-0.013,1.012,2.901,0,2.859,27.807,8.643,0.0165,0.0,0.016,2.20063487,11.178,-2.0,-3.1104,-0.9097,-2.01,11.4135487,11.4135487,0.291093789,-3.793514975,0.716917483,28.8,271.272,258.168,271.0855551,104,0.082141346,-0.545097137,0.545097137,0.082141346,1.3,2.0,2.6,2.634097099,2.910637541,1112.088803,26.0055535,22.58020676,9.580206757,14.7555535,11.48731697,4.987316974,3.24573535,3.24573535,1.904765285,1.904765285,1.055499401,1.055499401,-2.56,4226724.886,4.768535633,6.055669871,3.474500562,134.2668068,83.5,0.2,-0.5542,68.0295
K5b_reduced,-33.5530525,-138.7314652,-0.09020675,-0.25641,-0.52236,-0.017,-0.042,-0.029,1.435,3.822,0,2.74,23.0,7.123,0.0107,0.0,0.01,2.20316425,14.834,-2.0,-3.105,-0.9018,-2.0034,11.64016435,11.64016435,0.416718789,-3.956014975,0.75010929,30.0952381,285.299,270.179,285.1012051,110,0.082141715,-0.545096955,0.545096955,0.082141715,1.333333333,2.047619048,2.619047619,2.627640046,3.012971142,1201.881928,28.5055535,25.08020676,10.08020676,15.96687836,12.73731697,5.237316974,3.49573535,3.49573535,2.023166984,2.023166984,1.173901101,1.173901101,-2.56,12181108.62,4.728545718,6.260108968,3.950748478,143.4416899,83.5,0.25,-0.1641,72.6465
K3a_reduced,-45.66171375,-132.1195481,0.004996076,0.087512316,0.098664618,-0.019821632,-0.002171019,-0.011163669,1.015159604,2.897197913,0,2.86014084,27.90637664,8.65870284,0.018636873,0.0,0.018653897,0.234460181,23.98555306,-0.665311604,-5.252019325,-5.017559264,-5.134801652,12.42743759,12.42743759,0.311093789,-3.86338459,0.808477169,31.7,270.308,254.18,270.113567,104,0.15706239,-0.544815116,0.544815116,0.15706239,1.5,2.25,2.9,2.691707335,2.944742633,1199.7304,28.5055535,25.67195847,9.671958467,15.96687836,13.03319283,5.033192829,3.287402017,3.287402017,1.927703212,1.927703212,1.066362959,1.066362959,-2.36,13663375.61,4.070515924,6.191427299,3.570601477,140.0524267,60.44,0.25,1.2849,73.7035
K3b_reduced,-45.0096586,-128.4931359,-0.027218404,-0.198032344,-0.472194791,-0.039294855,-0.02658971,-0.033294855,1.432,3.76558971,0,2.742294855,21.77249798,6.929954794,0.021273021,0.0,0.020884565,0.179858458,27.12758606,-1.0,-5.300905838,-5.121029549,-5.210964809,12.65405324,12.65405324,0.436718789,-4.02588459,0.82501364,32.85714286,284.335,266.191,284.129217,110,0.157072689,-0.544815116,0.544815116,0.157072689,1.428571429,2.19047619,2.80952381,2.686298413,3.071901819,1290.330412,31.0055535,28.17195847,10.17195847,17.17820323,14.28319283,5.283192829,3.537402017,3.537402017,2.046104912,2.046104912,1.184764659,1.184764659,-2.36,39401335.7,4.09396231,6.39335982,4.05015625,149.2273098,60.44,0.294117647,1.675,78.3205
K4a_reduced,-49.7790745,-127.660983,0.00293562,0.08506,0.09585,-0.017,-0.003,-0.01,1.016,2.899,0,2.859,27.955,8.666,0.0184,0.0,0.018,0.1596941,19.118,0.0,-5.5132,-5.3535,-5.4334,11.63577093,11.63577093,0.211093789,-3.73795942,0.734166928,30.42105263,256.281,242.169,256.0979169,98,0.147300349,-0.544815116,0.544815116,0.147300349,1.578947368,2.315789474,2.947368421,2.634097099,2.910637541,1110.136663,26.0055535,23.17195847,9.171958467,14.7555535,11.78319283,4.783192829,3.060339944,3.060339944,1.802703212,1.802703212,1.00716211,1.00716211,-2.36,4226724.886,4.065873568,5.998241645,3.547475968,130.8775436,60.44,0.2,0.8948,69.0865
K4b_reduced,-48.21674117,-124.5607821,-0.0257631,-0.19523,-0.46895,-0.043,-0.028,-0.035,1.432,3.763,0,2.743,21.745,6.926,0.0247,0.0,0.025,0.16649652,21.673,-1.0,-5.4522,-5.2857,-5.369,11.86238657,11.86238657,0.336718789,-3.90045942,0.756298344,31.7,270.308,254.18,270.113567,104,0.147310649,-0.544815116,0.544815116,0.147310649,1.6,2.35,2.95,2.627640046,3.012971142,1199.7304,28.5055535,25.67195847,9.671958467,15.96687836,13.03319283,5.033192829,3.310339944,3.310339944,1.921104912,1.921104912,1.125563809,1.125563809,-2.36,12181108.62,4.070515924,6.191427299,3.570601477,140.0524267,60.44,0.25,1.2849,73.7035
K6a_reduced,-44.87540141,-133.127053,0.007121797,0.090862661,0.101123069,-0.017177229,-0.001377733,-0.008918069,1.017481679,2.891414375,0,2.858540336,27.85602849,8.650865391,0.017447649,0.0,0.017177229,0.220272262,22.60950812,-1.0,-5.141000742,-4.920703015,-5.030801879,12.40181259,12.40181259,0.313933925,-3.872074003,0.751162561,30.57142857,286.307,270.179,286.1084816,110,0.335030497,-0.544815116,0.544815116,0.335030497,1.523809524,2.285714286,2.952380952,2.684645644,2.894380372,1219.150433,29.21266028,26.08020676,10.08020676,16.44000491,13.19144112,5.191441119,3.347797423,3.347797423,1.997462988,1.997462988,1.106530437,1.106530437,-2.56,20337908.93,4.46546255,6.742597037,3.950748478,145.1659719,69.67,0.25,0.8689,75.0385
K6b_reduced,-43.86089108,-129.9133112,-0.025768944,-0.202129952,-0.475782377,-0.039,-0.026477501,-0.032477501,1.431,3.770955002,0,2.743,21.74487505,6.925820009,0.018925251,0.0,0.018477501,0.192426546,27.88804071,-1.0,-5.231945784,-5.039472782,-5.135659283,12.62842824,12.62842824,0.439558925,-4.034574003,0.76569331,31.72727273,300.334,282.19,300.1241316,116,0.335040972,-0.544815116,0.544815116,0.335040972,1.454545455,2.227272727,2.863636364,2.678734479,3.02986625,1310.040672,31.71266028,28.58020676,10.58020676,17.65132978,14.44144112,5.441441119,3.597797423,3.597797423,2.115864687,2.115864687,1.224932137,1.224932137,-2.56,58629354.38,4.473540114,6.934173338,3.97396302,154.340855,69.67,0.294117647,1.259,79.6555
I1a_reduced,-44.0910737,-134.2494725,0.005396419,0.089942128,0.101191828,-0.01760203,-0.012015061,-0.014918925,1.014999099,2.895449506,0,2.859377755,27.8967797,8.657467218,0.010336875,0.0,0.01000708,2.755167141,4.074809906,0.0,-9.226472795,-6.471301865,-7.84889249,12.34546112,12.34546112,0.484709194,-4.448247945,0.774191398,37.5,270.376,248.2,270.1732133,106,0.245913459,-0.36582061,0.36582061,0.245913459,1.4,2.25,3.05,2.836477781,2.889891249,1348.114251,33.5055535,31.80267548,9.802675481,18.5055535,15.99297853,5.098551336,3.100972958,3.100972958,1.772882466,1.772882466,0.992600037,0.992600037,-2.03,173714040.0,3.083044788,7.532785599,4.574710164,151.3474399,46.33,0.352941176,2.988,81.7374
I1b_reduced,-44.22080496,-130.7000937,-0.038767218,-0.218408911,-0.492268662,-0.026147625,-0.078526778,-0.052403103,1.427284767,3.791219057,0,2.742984403,21.9916025,6.964857209,0.023867283,0.0,0.023713383,2.74497362,4.438965961,0.0,-9.120382078,-6.375429147,-7.74791736,12.57207677,12.57207677,0.610334194,-4.553111418,0.780214146,38.38095238,284.403,260.211,284.1888634,112,0.245923855,-0.365820458,0.365820458,0.245923855,1.428571429,2.285714286,3.047619048,2.832914435,2.993998918,1439.924316,36.0055535,34.30267548,10.30267548,19.71687836,17.24297853,5.348551336,3.350972958,3.350972958,1.891284165,1.891284165,1.111001737,1.111001737,-2.03,501303388.1,3.168476963,7.673047072,5.102516567,160.522323,46.33,0.388888889,3.3781,86.3544
I2a_reduced,-48.86339204,-131.2454332,0.006178363,0.087879204,0.098296963,-0.018335515,-0.011804647,-0.015204674,1.015128124,2.896978407,0,2.856739834,27.87787718,8.654203826,0.011125892,0.0,0.011,2.680283838,6.116806197,0.0,-9.484149316,-6.803853281,-8.144013602,9.284481613,9.284481613,0.330125861,-4.345318405,0.714749273,37.31578947,252.361,232.201,252.1626486,98,0.09653119,-0.353563222,0.353563222,0.09653119,1.315789474,2.157894737,2.947368421,2.792355534,2.850117798,1287.215163,31.05795974,29.39442719,9.394427191,17.2221911,14.89442719,4.894427191,2.907623792,2.907623792,1.670820393,1.670820393,0.944262746,0.944262746,-2.01,50495365.83,3.00989759,7.430213119,4.63309637,143.3125525,27.03,0.352941176,4.02628,78.156
I2b_reduced,-48.36109541,-128.2620268,-0.043111406,-0.21937193,-0.492450653,-0.029206028,-0.077669503,-0.053269323,1.426461354,3.793309637,0,2.743,22.07463444,6.978142333,0.025716467,0.0,0.025528453,2.677522531,6.226054566,0.0,-9.344274418,-6.66673332,-8.005472697,9.449872769,9.449872769,0.455750861,-4.444569043,0.712758623,38.25,266.388,244.212,266.1782987,104,0.096541828,-0.353300187,0.353300187,0.096541828,1.35,2.2,2.95,2.788457615,2.929065999,1378.484855,33.55795974,31.89442719,9.894427191,18.43351596,16.14442719,5.144427191,3.157623792,3.157623792,1.789222093,1.789222093,1.062664445,1.062664445,-2.01,145714589.2,3.090737236,7.547963831,4.586125473,152.4874356,27.03,0.388888889,4.41638,82.773
I5a_reduced,-35.39173164,-141.2410738,0.008227088,0.083268945,0.095007557,-0.014103699,-0.007470726,-0.011091751,1.011626256,2.905058547,0,2.856833866,27.8301288,8.646693444,0.008782,0.0,0.008779421,0.294012653,24.76766543,-1.0,-4.607741431,-4.313746959,-4.464355259,11.53990556,11.53990556,0.518042528,-4.433780352,0.713742557,36.3,270.352,250.192,270.1499525,106,0.082141118,-0.545097137,0.545097137,0.082141118,1.35,2.15,2.9,2.785297096,2.869986399,1299.471375,31.92820323,29.76371018,9.763710176,17.5948699,15.07906868,5.079068684,3.083277872,3.083277872,1.76314114,1.76314114,0.987986479,0.987986479,-2.03,69844137.83,3.407618365,7.532785599,4.574710164,147.8757287,43.37,0.352941176,2.2526,77.55
I5b_reduced,-34.33303609,-138.0720688,-0.103951182,-0.268536716,-0.534810608,-0.018893474,-0.085009453,-0.051950875,1.440244675,3.827847668,0,2.73800497,23.27875093,7.1657325,0.014730437,0.001,0.014014361,1.636025043,14.67818745,-1.0,-4.825310128,-3.189268003,-4.007288985,11.76652121,11.76652121,0.643667528,-4.537964735,0.722957237,37.23809524,284.379,262.203,284.1656025,112,0.082141487,-0.545096955,0.545096955,0.082141487,1.380952381,2.19047619,2.904761905,2.781196433,2.958127328,1390.846683,34.42820323,32.26371018,10.26371018,18.80619476,16.32906868,5.329068684,3.333277872,3.333277872,1.881542839,1.881542839,1.106388178,1.106388178,-2.03,201481244.7,3.477647401,7.673047072,5.102516567,157.0506118,43.37,0.388888889,2.6427,82.167
I3a_reduced,-46.37542316,-131.2811372,0.003701439,0.086090266,0.096772317,-0.013811175,-0.012254881,-0.013044438,1.015000439,2.898680328,0,2.859747206,27.93672796,8.66351091,0.011111304,0.0,0.011030525,2.449953384,4.719198359,0.0,-9.396972529,-6.94702518,-8.171996374,12.55379445,12.55379445,0.538042528,-4.482825491,0.694787171,39.2,269.388,246.204,269.1779644,106,0.157062388,-0.354152773,0.354152773,0.157062388,1.4,2.25,3.05,2.83212794,2.90803721,1386.912254,34.42820323,32.85546189,9.855461886,18.80619476,16.62494454,5.124944538,3.124944538,3.124944538,1.786079067,1.786079067,0.998850037,0.998850037,-1.83,224662230.6,3.012231291,7.684879006,4.689294274,153.6613485,20.31,0.388888889,4.0917,83.224
I3b_reduced,-46.57456204,-127.3583079,-0.028655382,-0.207589693,-0.482995374,-0.032331278,-0.073615421,-0.052986693,1.428444101,3.779357449,0,2.742913492,21.79967717,6.934411771,0.029241166,0.0,0.02908913,2.436345073,5.070842183,0.0,-9.278463106,-6.842091944,-8.060298912,12.7804101,12.7804101,0.663667528,-4.596399046,0.687531946,40.0,283.415,258.215,283.1936144,112,0.157072687,-0.353889741,0.353889741,0.157072687,1.333333333,2.19047619,2.952380952,2.828485251,3.018377954,1479.097601,36.92820323,35.35546189,10.35546189,20.01751963,17.87494454,5.374944538,3.374944538,3.374944538,1.904480766,1.904480766,1.117251737,1.117251737,-1.83,648325901.1,3.101928524,7.82146439,5.219445255,162.8362317,20.31,0.421052632,4.4818,87.841
I4a_reduced,-46.56426483,-131.5185108,0.003062805,0.085286245,0.095435682,-0.013420072,-0.012906687,-0.013052834,1.016,2.898806451,0,2.858668767,27.95175973,8.665785494,0.012187605,0.0,0.012052102,2.319197093,5.428293596,0.0,-9.545763613,-7.22656403,-8.386153216,11.76212779,11.76212779,0.438042528,-4.402530352,0.546690383,38.31578947,255.361,234.193,255.1623143,100,0.147300347,-0.354163398,0.354163398,0.147300347,1.368421053,2.210526316,3.0,2.785297096,2.869986399,1295.671271,31.92820323,30.35546189,9.355461886,17.5948699,15.37494454,4.874944538,2.897882466,2.897882466,1.661079067,1.661079067,0.939649187,0.939649187,-1.83,69844137.83,2.926059762,7.570939841,4.740697837,144.4864654,20.31,0.352941176,3.7016,78.607
I4b_reduced,-51.07510212,-122.4584379,-0.02571455,-0.204077779,-0.478955338,-0.036378356,-0.071680919,-0.05407417,1.428799173,3.775540771,0,2.743,21.74399715,6.925863095,0.032858862,0.0,0.032561417,2.30477652,6.204536848,0.0,-9.411248716,-7.106483886,-8.258880309,11.98874343,11.98874343,0.563667528,-4.50178099,0.548622926,39.2,269.388,246.204,269.1779644,106,0.147310648,-0.353900367,0.353900367,0.147310648,1.4,2.25,3.0,2.781196433,2.958127328,1386.912254,34.42820323,32.85546189,9.855461886,18.80619476,16.62494454,5.124944538,3.147882466,3.147882466,1.779480766,1.779480766,1.058050887,1.058050887,-1.83,201481244.7,3.012231291,7.684879006,4.689294274,153.6613485,20.31,0.388888889,4.0917,83.224
I6a_reduced,-46.45241177,-132.214253,0.002500598,0.084725968,0.09507439,-0.014448907,-0.013278204,-0.014,1.015038345,2.900194915,0,2.858492887,27.96479756,8.667877975,0.011372564,0.0,0.011109058,2.551893773,3.518736868,0.0,-9.352138641,-6.800245181,-8.076221268,12.52816945,12.52816945,0.540882664,-4.491592852,0.565207231,37.71428571,285.387,262.203,285.172879,112,0.335030495,-0.465604173,0.465604173,0.335030495,1.428571429,2.285714286,3.095238095,2.826614229,2.876651732,1408.172908,35.13531001,33.26371018,10.26371018,19.27932131,16.78319283,5.283192829,3.185339944,3.185339944,1.855838843,1.855838843,1.039017515,1.039017515,-2.03,334635707.2,3.317666884,8.299934728,5.102516567,158.7748938,29.54,0.388888889,3.6757,84.559
I6b_reduced,-45.94286721,-128.576783,-0.028014746,-0.211609189,-0.487382605,-0.034010642,-0.073837516,-0.053546365,1.427825311,3.783733054,0,2.743115416,21.7871211,6.932649434,0.027013597,0.0,0.026788291,2.540731868,3.961730385,0.0,-9.26705985,-6.726284908,-7.996643566,12.7547851,12.7547851,0.666507664,-4.605425052,0.561362502,38.54545455,299.414,274.214,299.188529,118,0.33504097,-0.465604049,0.465604049,0.33504097,1.363636364,2.227272727,3.0,2.822737978,2.9938683,1500.611543,37.63531001,35.76371018,10.76371018,20.49064617,18.03319283,5.533192829,3.435339944,3.435339944,1.974240542,1.974240542,1.157419215,1.157419215,-2.03,965468692.1,3.400663963,8.421735398,5.063216398,167.9497769,29.54,0.421052632,4.0658,89.176
